# Blender 5.2.2 LTS
# www.blender.org
o bras_gauche
v -1.840697 -0.075055 0.471178
v -1.775780 -0.033361 0.577308
v -1.883098 0.030349 0.536753
v -1.840697 -0.075055 0.471178
v -1.709508 -0.072764 0.471178
v -1.775780 -0.033361 0.577308
v -1.840697 -0.075055 0.471178
v -1.775780 -0.033361 0.365052
v -1.709508 -0.072764 0.471178
v -1.840697 -0.075055 0.471178
v -1.883098 0.030349 0.405544
v -1.775780 -0.033361 0.365052
v -1.840697 -0.075055 0.471178
v -1.883098 0.030349 0.536753
v -1.883098 0.030349 0.405544
v -1.709508 -0.072764 0.471178
v -1.670812 0.034055 0.536753
v -1.775780 -0.033361 0.577308
v -1.775780 -0.033361 0.577308
v -1.778069 0.097828 0.577308
v -1.883098 0.030349 0.536753
v -1.883098 0.030349 0.536753
v -1.844402 0.137232 0.471178
v -1.883098 0.030349 0.405544
v -1.883098 0.030349 0.405544
v -1.778069 0.097828 0.365052
v -1.775780 -0.033361 0.365052
v -1.775780 -0.033361 0.365052
v -1.670812 0.034055 0.405544
v -1.709508 -0.072764 0.471178
v -1.713213 0.139521 0.471178
v -1.778069 0.097828 0.577308
v -1.670812 0.034055 0.536753
v -1.713213 0.139521 0.471178
v -1.844402 0.137232 0.471178
v -1.778069 0.097828 0.577308
v -1.713213 0.139521 0.471178
v -1.778069 0.097828 0.365052
v -1.844402 0.137232 0.471178
v -1.713213 0.139521 0.471178
v -1.670812 0.034055 0.405544
v -1.778069 0.097828 0.365052
v -1.713213 0.139521 0.471178
v -1.670812 0.034055 0.536753
v -1.670812 0.034055 0.405544
v -1.778069 0.097828 0.577308
v -1.775780 -0.033361 0.577308
v -1.670812 0.034055 0.536753
v -1.844402 0.137232 0.471178
v -1.883098 0.030349 0.536753
v -1.778069 0.097828 0.577308
v -1.778069 0.097828 0.365052
v -1.883098 0.030349 0.405544
v -1.844402 0.137232 0.471178
v -1.670812 0.034055 0.405544
v -1.775780 -0.033361 0.365052
v -1.778069 0.097828 0.365052
v -1.670812 0.034055 0.536753
v -1.709508 -0.072764 0.471178
v -1.670812 0.034055 0.405544
v -1.891027 -0.198238 0.521343
v -1.826170 -0.156546 0.627468
v -1.933428 -0.092773 0.586915
v -1.891027 -0.198238 0.521343
v -1.759836 -0.195949 0.521343
v -1.826170 -0.156546 0.627468
v -1.891027 -0.198238 0.521343
v -1.826170 -0.156546 0.415213
v -1.759836 -0.195949 0.521343
v -1.891027 -0.198238 0.521343
v -1.933428 -0.092773 0.455705
v -1.826170 -0.156546 0.415213
v -1.891027 -0.198238 0.521343
v -1.933428 -0.092773 0.586915
v -1.933428 -0.092773 0.455705
v -1.759836 -0.195949 0.521343
v -1.721140 -0.089068 0.586915
v -1.826170 -0.156546 0.627468
v -1.826170 -0.156546 0.627468
v -1.828460 -0.025358 0.627468
v -1.933428 -0.092773 0.586915
v -1.933428 -0.092773 0.586915
v -1.894732 0.014047 0.521343
v -1.933428 -0.092773 0.455705
v -1.933428 -0.092773 0.455705
v -1.828460 -0.025358 0.415213
v -1.826170 -0.156546 0.415213
v -1.826170 -0.156546 0.415213
v -1.721140 -0.089068 0.455705
v -1.759836 -0.195949 0.521343
v -1.763541 0.016336 0.521343
v -1.828460 -0.025358 0.627468
v -1.721140 -0.089068 0.586915
v -1.763541 0.016336 0.521343
v -1.894732 0.014047 0.521343
v -1.828460 -0.025358 0.627468
v -1.763541 0.016336 0.521343
v -1.828460 -0.025358 0.415213
v -1.894732 0.014047 0.521343
v -1.763541 0.016336 0.521343
v -1.721140 -0.089068 0.455705
v -1.828460 -0.025358 0.415213
v -1.763541 0.016336 0.521343
v -1.721140 -0.089068 0.586915
v -1.721140 -0.089068 0.455705
v -1.828460 -0.025358 0.627468
v -1.826170 -0.156546 0.627468
v -1.721140 -0.089068 0.586915
v -1.894732 0.014047 0.521343
v -1.933428 -0.092773 0.586915
v -1.828460 -0.025358 0.627468
v -1.828460 -0.025358 0.415213
v -1.933428 -0.092773 0.455705
v -1.894732 0.014047 0.521343
v -1.721140 -0.089068 0.455705
v -1.826170 -0.156546 0.415213
v -1.828460 -0.025358 0.415213
v -1.721140 -0.089068 0.586915
v -1.759836 -0.195949 0.521343
v -1.721140 -0.089068 0.455705
v -1.874662 -0.170435 0.456330
v -1.787193 -0.108690 0.570943
v -1.932122 -0.013751 0.527143
v -1.874662 -0.170435 0.456330
v -1.697561 -0.167342 0.456330
v -1.787193 -0.108690 0.570943
v -1.874662 -0.170435 0.456330
v -1.787193 -0.108690 0.341654
v -1.697561 -0.167342 0.456330
v -1.874662 -0.170435 0.456330
v -1.932122 -0.013751 0.385453
v -1.787193 -0.108690 0.341654
v -1.874662 -0.170435 0.456330
v -1.932122 -0.013751 0.527143
v -1.932122 -0.013751 0.385453
v -1.697561 -0.167342 0.456330
v -1.645604 -0.008749 0.527143
v -1.787193 -0.108690 0.570943
v -1.787193 -0.108690 0.570943
v -1.790594 0.086128 0.570943
v -1.932122 -0.013751 0.527143
v -1.932122 -0.013751 0.527143
v -1.880165 0.144780 0.456330
v -1.932122 -0.013751 0.385453
v -1.932122 -0.013751 0.385453
v -1.790594 0.086128 0.341654
v -1.787193 -0.108690 0.341654
v -1.787193 -0.108690 0.341654
v -1.645604 -0.008749 0.385453
v -1.697561 -0.167342 0.456330
v -1.703063 0.147872 0.456330
v -1.790594 0.086128 0.570943
v -1.645604 -0.008749 0.527143
v -1.703063 0.147872 0.456330
v -1.880165 0.144780 0.456330
v -1.790594 0.086128 0.570943
v -1.703063 0.147872 0.456330
v -1.790594 0.086128 0.341654
v -1.880165 0.144780 0.456330
v -1.703063 0.147872 0.456330
v -1.645604 -0.008749 0.385453
v -1.790594 0.086128 0.341654
v -1.703063 0.147872 0.456330
v -1.645604 -0.008749 0.527143
v -1.645604 -0.008749 0.385453
v -1.790594 0.086128 0.570943
v -1.787193 -0.108690 0.570943
v -1.645604 -0.008749 0.527143
v -1.880165 0.144780 0.456330
v -1.932122 -0.013751 0.527143
v -1.790594 0.086128 0.570943
v -1.790594 0.086128 0.341654
v -1.932122 -0.013751 0.385453
v -1.880165 0.144780 0.456330
v -1.645604 -0.008749 0.385453
v -1.787193 -0.108690 0.341654
v -1.790594 0.086128 0.341654
v -1.645604 -0.008749 0.527143
v -1.697561 -0.167342 0.456330
v -1.645604 -0.008749 0.385453
v -1.772844 -0.201542 0.421454
v -2.007459 -0.291564 0.375783
v -1.776099 -0.168652 0.367672
v -1.776099 -0.168652 0.367672
v -2.007459 -0.291564 0.375783
v -2.010329 -0.262973 0.328988
v -1.776099 -0.168652 0.367672
v -2.010329 -0.262973 0.328988
v -1.800641 -0.110484 0.367672
v -1.800641 -0.110484 0.367672
v -2.010329 -0.262973 0.328988
v -2.031680 -0.212363 0.328988
v -1.800641 -0.110484 0.367672
v -2.031680 -0.212363 0.328988
v -1.821924 -0.085149 0.421453
v -1.821924 -0.085149 0.421453
v -2.031680 -0.212363 0.328988
v -2.050161 -0.190410 0.375783
v -1.821924 -0.085149 0.421453
v -2.050161 -0.190410 0.375783
v -1.818668 -0.118039 0.475234
v -1.818668 -0.118039 0.475234
v -2.050161 -0.190410 0.375783
v -2.047352 -0.219002 0.422577
v -1.818668 -0.118039 0.475234
v -2.047352 -0.219002 0.422577
v -1.794126 -0.176268 0.475234
v -1.794126 -0.176268 0.475234
v -2.047352 -0.219002 0.422577
v -2.026002 -0.269548 0.422577
v -1.794126 -0.176268 0.475234
v -2.026002 -0.269548 0.422577
v -1.772844 -0.201542 0.421454
v -1.772844 -0.201542 0.421454
v -2.026002 -0.269548 0.422577
v -2.007459 -0.291564 0.375783
v -1.842307 -0.218854 0.421454
v -1.796579 -0.189540 0.496198
v -1.872118 -0.144682 0.467623
v -1.842307 -0.218854 0.421454
v -1.749917 -0.217242 0.421454
v -1.796579 -0.189540 0.496198
v -1.842307 -0.218854 0.421454
v -1.796579 -0.189540 0.346707
v -1.749917 -0.217242 0.421454
v -1.842307 -0.218854 0.421454
v -1.872118 -0.144682 0.375283
v -1.796579 -0.189540 0.346707
v -1.842307 -0.218854 0.421454
v -1.872118 -0.144682 0.467623
v -1.872118 -0.144682 0.375283
v -1.749917 -0.217242 0.421454
v -1.722712 -0.142073 0.467623
v -1.796579 -0.189540 0.496198
v -1.796579 -0.189540 0.496198
v -1.798191 -0.097153 0.496198
v -1.872118 -0.144682 0.467623
v -1.872118 -0.144682 0.467623
v -1.844913 -0.069451 0.421453
v -1.872118 -0.144682 0.375283
v -1.872118 -0.144682 0.375283
v -1.798191 -0.097153 0.346707
v -1.796579 -0.189540 0.346707
v -1.796579 -0.189540 0.346707
v -1.722712 -0.142073 0.375283
v -1.749917 -0.217242 0.421454
v -1.752526 -0.067837 0.421453
v -1.798191 -0.097153 0.496198
v -1.722712 -0.142073 0.467623
v -1.752526 -0.067837 0.421453
v -1.844913 -0.069451 0.421453
v -1.798191 -0.097153 0.496198
v -1.752526 -0.067837 0.421453
v -1.798191 -0.097153 0.346707
v -1.844913 -0.069451 0.421453
v -1.752526 -0.067837 0.421453
v -1.722712 -0.142073 0.375283
v -1.798191 -0.097153 0.346707
v -1.752526 -0.067837 0.421453
v -1.722712 -0.142073 0.467623
v -1.722712 -0.142073 0.375283
v -1.798191 -0.097153 0.496198
v -1.796579 -0.189540 0.496198
v -1.722712 -0.142073 0.467623
v -1.844913 -0.069451 0.421453
v -1.872118 -0.144682 0.467623
v -1.798191 -0.097153 0.496198
v -1.798191 -0.097153 0.346707
v -1.872118 -0.144682 0.375283
v -1.844913 -0.069451 0.421453
v -1.722712 -0.142073 0.375283
v -1.796579 -0.189540 0.346707
v -1.798191 -0.097153 0.346707
v -1.722712 -0.142073 0.467623
v -1.749917 -0.217242 0.421454
v -1.722712 -0.142073 0.375283
v -2.006939 -0.292804 0.375783
v -2.168752 -0.353099 0.319755
v -2.004061 -0.261052 0.329425
v -2.004061 -0.261052 0.329425
v -2.168752 -0.353099 0.319755
v -2.166241 -0.325474 0.279513
v -2.004061 -0.261052 0.329425
v -2.166241 -0.325474 0.279513
v -2.025869 -0.209204 0.329425
v -2.025869 -0.209204 0.329425
v -2.166241 -0.325474 0.279513
v -2.185247 -0.280376 0.279513
v -2.025869 -0.209204 0.329425
v -2.185247 -0.280376 0.279513
v -2.050681 -0.189107 0.375783
v -2.050681 -0.189107 0.375783
v -2.185247 -0.280376 0.279513
v -2.206767 -0.262969 0.319755
v -2.050681 -0.189107 0.375783
v -2.206767 -0.262969 0.319755
v -2.053622 -0.220921 0.422140
v -2.053622 -0.220921 0.422140
v -2.206767 -0.262969 0.319755
v -2.209345 -0.290532 0.360060
v -2.053622 -0.220921 0.422140
v -2.209345 -0.290532 0.360060
v -2.031750 -0.272707 0.422140
v -2.031750 -0.272707 0.422140
v -2.209345 -0.290532 0.360060
v -2.190336 -0.335627 0.360060
v -2.031750 -0.272707 0.422140
v -2.190336 -0.335627 0.360060
v -2.006939 -0.292804 0.375783
v -2.006939 -0.292804 0.375783
v -2.190336 -0.335627 0.360060
v -2.168752 -0.353099 0.319755
v -2.068820 -0.308234 0.375783
v -2.028092 -0.282127 0.442354
v -2.095371 -0.242117 0.416961
v -2.068820 -0.308234 0.375783
v -1.986538 -0.306799 0.375783
v -2.028092 -0.282127 0.442354
v -2.068820 -0.308234 0.375783
v -2.028092 -0.282127 0.309212
v -1.986538 -0.306799 0.375783
v -2.068820 -0.308234 0.375783
v -2.095371 -0.242117 0.334667
v -2.028092 -0.282127 0.309212
v -2.068820 -0.308234 0.375783
v -2.095371 -0.242117 0.416961
v -2.095371 -0.242117 0.334667
v -1.986538 -0.306799 0.375783
v -1.962249 -0.239793 0.416961
v -2.028092 -0.282127 0.442354
v -2.028092 -0.282127 0.442354
v -2.029528 -0.199845 0.442354
v -2.095371 -0.242117 0.416961
v -2.095371 -0.242117 0.416961
v -2.071144 -0.175111 0.375783
v -2.095371 -0.242117 0.334667
v -2.095371 -0.242117 0.334667
v -2.029528 -0.199845 0.309212
v -2.028092 -0.282127 0.309212
v -2.028092 -0.282127 0.309212
v -1.962249 -0.239793 0.334667
v -1.986538 -0.306799 0.375783
v -1.988862 -0.173676 0.375783
v -2.029528 -0.199845 0.442354
v -1.962249 -0.239793 0.416961
v -1.988862 -0.173676 0.375783
v -2.071144 -0.175111 0.375783
v -2.029528 -0.199845 0.442354
v -1.988862 -0.173676 0.375783
v -2.029528 -0.199845 0.309212
v -2.071144 -0.175111 0.375783
v -1.988862 -0.173676 0.375783
v -1.962249 -0.239793 0.334667
v -2.029528 -0.199845 0.309212
v -1.988862 -0.173676 0.375783
v -1.962249 -0.239793 0.416961
v -1.962249 -0.239793 0.334667
v -2.029528 -0.199845 0.442354
v -2.028092 -0.282127 0.442354
v -1.962249 -0.239793 0.416961
v -2.071144 -0.175111 0.375783
v -2.095371 -0.242117 0.416961
v -2.029528 -0.199845 0.442354
v -2.029528 -0.199845 0.309212
v -2.095371 -0.242117 0.334667
v -2.071144 -0.175111 0.375783
v -1.962249 -0.239793 0.334667
v -2.028092 -0.282127 0.309212
v -2.029528 -0.199845 0.309212
v -1.962249 -0.239793 0.416961
v -1.986538 -0.306799 0.375783
v -1.962249 -0.239793 0.334667
v -2.168165 -0.354585 0.319755
v -2.279108 -0.394213 0.254869
v -2.158481 -0.323092 0.281447
v -2.158481 -0.323092 0.281447
v -2.279108 -0.394213 0.254869
v -2.270727 -0.366796 0.221551
v -2.158481 -0.323092 0.281447
v -2.270727 -0.366796 0.221551
v -2.178138 -0.276510 0.281447
v -2.178138 -0.276510 0.281447
v -2.270727 -0.366796 0.221551
v -2.287782 -0.326348 0.221551
v -2.178138 -0.276510 0.281447
v -2.287782 -0.326348 0.221551
v -2.207418 -0.261483 0.319755
v -2.207418 -0.261483 0.319755
v -2.287782 -0.326348 0.221551
v -2.313281 -0.313252 0.254869
v -2.207418 -0.261483 0.319755
v -2.313281 -0.313252 0.254869
v -2.217102 -0.292977 0.358063
v -2.217102 -0.292977 0.358063
v -2.313281 -0.313252 0.254869
v -2.321665 -0.340666 0.288185
v -2.217102 -0.292977 0.358063
v -2.321665 -0.340666 0.288185
v -2.197443 -0.339496 0.358063
v -2.197443 -0.339496 0.358063
v -2.321665 -0.340666 0.288185
v -2.304548 -0.381116 0.288185
v -2.197443 -0.339496 0.358063
v -2.304548 -0.381116 0.288185
v -2.168165 -0.354585 0.319755
v -2.168165 -0.354585 0.319755
v -2.304548 -0.381116 0.288185
v -2.279108 -0.394213 0.254869
v -2.223711 -0.368411 0.319755
v -2.187116 -0.344933 0.379590
v -2.247584 -0.309048 0.356753
v -2.223711 -0.368411 0.319755
v -2.149788 -0.367120 0.319755
v -2.187116 -0.344933 0.379590
v -2.223711 -0.368411 0.319755
v -2.187116 -0.344933 0.259983
v -2.149788 -0.367120 0.319755
v -2.223711 -0.368411 0.319755
v -2.247584 -0.309048 0.282820
v -2.187116 -0.344933 0.259983
v -2.223711 -0.368411 0.319755
v -2.247584 -0.309048 0.356753
v -2.247584 -0.309048 0.282820
v -2.149788 -0.367120 0.319755
v -2.127999 -0.306959 0.356753
v -2.187116 -0.344933 0.379590
v -2.187116 -0.344933 0.379590
v -2.188406 -0.271073 0.379590
v -2.247584 -0.309048 0.356753
v -2.247584 -0.309048 0.356753
v -2.225797 -0.248886 0.319755
v -2.247584 -0.309048 0.282820
v -2.247584 -0.309048 0.282820
v -2.188406 -0.271073 0.259983
v -2.187116 -0.344933 0.259983
v -2.187116 -0.344933 0.259983
v -2.127999 -0.306959 0.282820
v -2.149788 -0.367120 0.319755
v -2.151874 -0.247597 0.319755
v -2.188406 -0.271073 0.379590
v -2.127999 -0.306959 0.356753
v -2.151874 -0.247597 0.319755
v -2.225797 -0.248886 0.319755
v -2.188406 -0.271073 0.379590
v -2.151874 -0.247597 0.319755
v -2.188406 -0.271073 0.259983
v -2.225797 -0.248886 0.319755
v -2.151874 -0.247597 0.319755
v -2.127999 -0.306959 0.282820
v -2.188406 -0.271073 0.259983
v -2.151874 -0.247597 0.319755
v -2.127999 -0.306959 0.356753
v -2.127999 -0.306959 0.282820
v -2.188406 -0.271073 0.379590
v -2.187116 -0.344933 0.379590
v -2.127999 -0.306959 0.356753
v -2.225797 -0.248886 0.319755
v -2.247584 -0.309048 0.356753
v -2.188406 -0.271073 0.379590
v -2.188406 -0.271073 0.259983
v -2.247584 -0.309048 0.282820
v -2.225797 -0.248886 0.319755
v -2.127999 -0.306959 0.282820
v -2.187116 -0.344933 0.259983
v -2.188406 -0.271073 0.259983
v -2.127999 -0.306959 0.356753
v -2.149788 -0.367120 0.319755
v -2.127999 -0.306959 0.282820
v -2.278784 -0.394957 0.254869
v -2.354651 -0.420679 0.193475
v -2.265700 -0.365149 0.224110
v -2.265700 -0.365149 0.224110
v -2.354651 -0.420679 0.193475
v -2.343310 -0.394709 0.166709
v -2.265700 -0.365149 0.224110
v -2.343310 -0.394709 0.166709
v -2.283082 -0.323892 0.224110
v -2.283082 -0.323892 0.224110
v -2.343310 -0.394709 0.166709
v -2.358412 -0.358843 0.166709
v -2.283082 -0.323892 0.224110
v -2.358412 -0.358843 0.166709
v -2.313607 -0.312508 0.254869
v -2.313607 -0.312508 0.254869
v -2.358412 -0.358843 0.166709
v -2.384922 -0.348884 0.193475
v -2.313607 -0.312508 0.254869
v -2.384922 -0.348884 0.193475
v -2.326628 -0.342312 0.285626
v -2.326628 -0.342312 0.285626
v -2.384922 -0.348884 0.193475
v -2.396322 -0.374856 0.220178
v -2.326628 -0.342312 0.285626
v -2.396322 -0.374856 0.220178
v -2.309247 -0.383569 0.285626
v -2.309247 -0.383569 0.285626
v -2.396322 -0.374856 0.220178
v -2.381157 -0.410721 0.220178
v -2.309247 -0.383569 0.285626
v -2.381157 -0.410721 0.220178
v -2.278784 -0.394957 0.254869
v -2.278784 -0.394957 0.254869
v -2.381157 -0.410721 0.220178
v -2.354651 -0.420679 0.193475
v -2.327991 -0.407296 0.254869
v -2.295593 -0.386451 0.307839
v -2.349187 -0.354687 0.287622
v -2.327991 -0.407296 0.254869
v -2.262489 -0.406154 0.254869
v -2.295593 -0.386451 0.307839
v -2.327991 -0.407296 0.254869
v -2.295593 -0.386451 0.201897
v -2.262489 -0.406154 0.254869
v -2.327991 -0.407296 0.254869
v -2.349187 -0.354687 0.222113
v -2.295593 -0.386451 0.201897
v -2.327991 -0.407296 0.254869
v -2.349187 -0.354687 0.287622
v -2.349187 -0.354687 0.222113
v -2.262489 -0.406154 0.254869
v -2.243201 -0.352838 0.287622
v -2.295593 -0.386451 0.307839
v -2.295593 -0.386451 0.307839
v -2.296736 -0.321013 0.307839
v -2.349187 -0.354687 0.287622
v -2.349187 -0.354687 0.287622
v -2.329839 -0.301310 0.254869
v -2.349187 -0.354687 0.222113
v -2.349187 -0.354687 0.222113
v -2.296736 -0.321013 0.201897
v -2.295593 -0.386451 0.201897
v -2.295593 -0.386451 0.201897
v -2.243201 -0.352838 0.222113
v -2.262489 -0.406154 0.254869
v -2.264339 -0.300165 0.254869
v -2.296736 -0.321013 0.307839
v -2.243201 -0.352838 0.287622
v -2.264339 -0.300165 0.254869
v -2.329839 -0.301310 0.254869
v -2.296736 -0.321013 0.307839
v -2.264339 -0.300165 0.254869
v -2.296736 -0.321013 0.201897
v -2.329839 -0.301310 0.254869
v -2.264339 -0.300165 0.254869
v -2.243201 -0.352838 0.222113
v -2.296736 -0.321013 0.201897
v -2.264339 -0.300165 0.254869
v -2.243201 -0.352838 0.287622
v -2.243201 -0.352838 0.222113
v -2.296736 -0.321013 0.307839
v -2.295593 -0.386451 0.307839
v -2.243201 -0.352838 0.287622
v -2.329839 -0.301310 0.254869
v -2.349187 -0.354687 0.287622
v -2.296736 -0.321013 0.307839
v -2.296736 -0.321013 0.201897
v -2.349187 -0.354687 0.222113
v -2.329839 -0.301310 0.254869
v -2.243201 -0.352838 0.222113
v -2.295593 -0.386451 0.201897
v -2.296736 -0.321013 0.201897
v -2.243201 -0.352838 0.287622
v -2.262489 -0.406154 0.254869
v -2.243201 -0.352838 0.222113
v -2.397157 -0.430782 0.193475
v -2.369326 -0.412948 0.239021
v -2.415354 -0.385609 0.221614
v -2.397157 -0.430782 0.193475
v -2.340888 -0.429799 0.193475
v -2.369326 -0.412948 0.239021
v -2.397157 -0.430782 0.193475
v -2.369326 -0.412948 0.147930
v -2.340888 -0.429799 0.193475
v -2.397157 -0.430782 0.193475
v -2.415354 -0.385609 0.165337
v -2.369326 -0.412948 0.147930
v -2.397157 -0.430782 0.193475
v -2.415354 -0.385609 0.221614
v -2.415354 -0.385609 0.165337
v -2.340888 -0.429799 0.193475
v -2.324278 -0.384019 0.221614
v -2.369326 -0.412948 0.239021
v -2.369326 -0.412948 0.239021
v -2.370310 -0.356617 0.239021
v -2.415354 -0.385609 0.221614
v -2.415354 -0.385609 0.221614
v -2.398745 -0.339765 0.193475
v -2.415354 -0.385609 0.165337
v -2.415354 -0.385609 0.165337
v -2.370310 -0.356617 0.147930
v -2.369326 -0.412948 0.147930
v -2.369326 -0.412948 0.147930
v -2.324278 -0.384019 0.165337
v -2.340888 -0.429799 0.193475
v -2.342477 -0.338783 0.193475
v -2.370310 -0.356617 0.239021
v -2.324278 -0.384019 0.221614
v -2.342477 -0.338783 0.193475
v -2.398745 -0.339765 0.193475
v -2.370310 -0.356617 0.239021
v -2.342477 -0.338783 0.193475
v -2.370310 -0.356617 0.147930
v -2.398745 -0.339765 0.193475
v -2.342477 -0.338783 0.193475
v -2.324278 -0.384019 0.165337
v -2.370310 -0.356617 0.147930
v -2.342477 -0.338783 0.193475
v -2.324278 -0.384019 0.221614
v -2.324278 -0.384019 0.165337
v -2.370310 -0.356617 0.239021
v -2.369326 -0.412948 0.239021
v -2.324278 -0.384019 0.221614
v -2.398745 -0.339765 0.193475
v -2.415354 -0.385609 0.221614
v -2.370310 -0.356617 0.239021
v -2.370310 -0.356617 0.147930
v -2.415354 -0.385609 0.165337
v -2.398745 -0.339765 0.193475
v -2.324278 -0.384019 0.165337
v -2.369326 -0.412948 0.147930
v -2.370310 -0.356617 0.147930
v -2.324278 -0.384019 0.221614
v -2.340888 -0.429799 0.193475
v -2.324278 -0.384019 0.165337
v -1.852818 0.008038 0.505557
v -2.146478 -0.049067 0.490521
v -1.856984 0.039416 0.450965
v -1.856984 0.039416 0.450965
v -2.146478 -0.049067 0.490521
v -2.150136 -0.021736 0.443040
v -1.856984 0.039416 0.450965
v -2.150136 -0.021736 0.443040
v -1.870792 0.101076 0.450965
v -1.870792 0.101076 0.450965
v -2.150136 -0.021736 0.443040
v -2.162056 0.031846 0.443040
v -1.870792 0.101076 0.450965
v -2.162056 0.031846 0.443040
v -1.880303 0.131238 0.505557
v -1.880303 0.131238 0.505557
v -2.162056 0.031846 0.443040
v -2.170376 0.058094 0.490521
v -1.880303 0.131238 0.505557
v -2.170376 0.058094 0.490521
v -1.876137 0.099860 0.560149
v -1.876137 0.099860 0.560149
v -2.170376 0.058094 0.490521
v -2.166718 0.030828 0.538001
v -1.876137 0.099860 0.560149
v -2.166718 0.030828 0.538001
v -1.862393 0.038262 0.560149
v -1.862393 0.038262 0.560149
v -2.166718 0.030828 0.538001
v -2.154737 -0.022815 0.538001
v -1.862393 0.038262 0.560149
v -2.154737 -0.022815 0.538001
v -1.852818 0.008038 0.505557
v -1.852818 0.008038 0.505557
v -2.154737 -0.022815 0.538001
v -2.146478 -0.049067 0.490521
v -1.911417 -0.005901 0.505557
v -1.865755 0.023477 0.580303
v -1.941294 0.068335 0.551727
v -1.911417 -0.005901 0.505557
v -1.819093 -0.004290 0.505557
v -1.865755 0.023477 0.580303
v -1.911417 -0.005901 0.505557
v -1.865755 0.023477 0.430812
v -1.819093 -0.004290 0.505557
v -1.911417 -0.005901 0.505557
v -1.941294 0.068335 0.459386
v -1.865755 0.023477 0.430812
v -1.911417 -0.005901 0.505557
v -1.941294 0.068335 0.551727
v -1.941294 0.068335 0.459386
v -1.819093 -0.004290 0.505557
v -1.791826 0.070944 0.551727
v -1.865755 0.023477 0.580303
v -1.865755 0.023477 0.580303
v -1.867367 0.115801 0.580303
v -1.941294 0.068335 0.551727
v -1.941294 0.068335 0.551727
v -1.914026 0.143567 0.505557
v -1.941294 0.068335 0.459386
v -1.941294 0.068335 0.459386
v -1.867367 0.115801 0.430812
v -1.865755 0.023477 0.430812
v -1.865755 0.023477 0.430812
v -1.791826 0.070944 0.459386
v -1.819093 -0.004290 0.505557
v -1.821702 0.145178 0.505557
v -1.867367 0.115801 0.580303
v -1.791826 0.070944 0.551727
v -1.821702 0.145178 0.505557
v -1.914026 0.143567 0.505557
v -1.867367 0.115801 0.580303
v -1.821702 0.145178 0.505557
v -1.867367 0.115801 0.430812
v -1.914026 0.143567 0.505557
v -1.821702 0.145178 0.505557
v -1.791826 0.070944 0.459386
v -1.867367 0.115801 0.430812
v -1.821702 0.145178 0.505557
v -1.791826 0.070944 0.551727
v -1.791826 0.070944 0.459386
v -1.867367 0.115801 0.580303
v -1.865755 0.023477 0.580303
v -1.791826 0.070944 0.551727
v -1.914026 0.143567 0.505557
v -1.941294 0.068335 0.551727
v -1.867367 0.115801 0.580303
v -1.867367 0.115801 0.430812
v -1.941294 0.068335 0.459386
v -1.914026 0.143567 0.505557
v -1.791826 0.070944 0.459386
v -1.865755 0.023477 0.430812
v -1.867367 0.115801 0.430812
v -1.791826 0.070944 0.551727
v -1.819093 -0.004290 0.505557
v -1.791826 0.070944 0.459386
v -2.146144 -0.050372 0.490521
v -2.351708 -0.088717 0.450653
v -2.143352 -0.020931 0.442666
v -2.143352 -0.020931 0.442666
v -2.351708 -0.088717 0.450653
v -2.349286 -0.063090 0.409037
v -2.143352 -0.020931 0.442666
v -2.349286 -0.063090 0.409037
v -2.155603 0.033953 0.442666
v -2.155603 0.033953 0.442666
v -2.349286 -0.063090 0.409037
v -2.359916 -0.015352 0.409037
v -2.155603 0.033953 0.442666
v -2.359916 -0.015352 0.409037
v -2.170649 0.059401 0.490521
v -2.170649 0.059401 0.490521
v -2.359916 -0.015352 0.409037
v -2.373032 0.006759 0.450653
v -2.170649 0.059401 0.490521
v -2.373032 0.006759 0.450653
v -2.173441 0.029962 0.538375
v -2.173441 0.029962 0.538375
v -2.373032 0.006759 0.450653
v -2.375455 -0.018868 0.492267
v -2.173441 0.029962 0.538375
v -2.375455 -0.018868 0.492267
v -2.161189 -0.024925 0.538375
v -2.161189 -0.024925 0.538375
v -2.375455 -0.018868 0.492267
v -2.364761 -0.066605 0.492267
v -2.161189 -0.024925 0.538375
v -2.364761 -0.066605 0.492267
v -2.146144 -0.050372 0.490521
v -2.146144 -0.050372 0.490521
v -2.364761 -0.066605 0.492267
v -2.351708 -0.088717 0.450653
v -2.198405 -0.062767 0.490521
v -2.157679 -0.036595 0.557092
v -2.224957 0.003353 0.531699
v -2.198405 -0.062767 0.490521
v -2.116124 -0.061329 0.490521
v -2.157679 -0.036595 0.557092
v -2.198405 -0.062767 0.490521
v -2.157679 -0.036595 0.423950
v -2.116124 -0.061329 0.490521
v -2.198405 -0.062767 0.490521
v -2.224957 0.003353 0.449405
v -2.157679 -0.036595 0.423950
v -2.198405 -0.062767 0.490521
v -2.224957 0.003353 0.531699
v -2.224957 0.003353 0.449405
v -2.116124 -0.061329 0.490521
v -2.091834 0.005677 0.531699
v -2.157679 -0.036595 0.557092
v -2.157679 -0.036595 0.557092
v -2.159114 0.045687 0.557092
v -2.224957 0.003353 0.531699
v -2.224957 0.003353 0.531699
v -2.200730 0.070359 0.490521
v -2.224957 0.003353 0.449405
v -2.224957 0.003353 0.449405
v -2.159114 0.045687 0.423950
v -2.157679 -0.036595 0.423950
v -2.157679 -0.036595 0.423950
v -2.091834 0.005677 0.449405
v -2.116124 -0.061329 0.490521
v -2.118448 0.071794 0.490521
v -2.159114 0.045687 0.557092
v -2.091834 0.005677 0.531699
v -2.118448 0.071794 0.490521
v -2.200730 0.070359 0.490521
v -2.159114 0.045687 0.557092
v -2.118448 0.071794 0.490521
v -2.159114 0.045687 0.423950
v -2.200730 0.070359 0.490521
v -2.118448 0.071794 0.490521
v -2.091834 0.005677 0.449405
v -2.159114 0.045687 0.423950
v -2.118448 0.071794 0.490521
v -2.091834 0.005677 0.531699
v -2.091834 0.005677 0.449405
v -2.159114 0.045687 0.557092
v -2.157679 -0.036595 0.557092
v -2.091834 0.005677 0.531699
v -2.200730 0.070359 0.490521
v -2.224957 0.003353 0.531699
v -2.159114 0.045687 0.557092
v -2.159114 0.045687 0.423950
v -2.224957 0.003353 0.449405
v -2.200730 0.070359 0.490521
v -2.091834 0.005677 0.449405
v -2.157679 -0.036595 0.423950
v -2.159114 0.045687 0.423950
v -2.091834 0.005677 0.531699
v -2.116124 -0.061329 0.490521
v -2.091834 0.005677 0.449405
v -2.351369 -0.090271 0.450653
v -2.494825 -0.115550 0.390257
v -2.340506 -0.062002 0.410223
v -2.340506 -0.062002 0.410223
v -2.494825 -0.115550 0.390257
v -2.485397 -0.090926 0.355130
v -2.340506 -0.062002 0.410223
v -2.485397 -0.090926 0.355130
v -2.351476 -0.012707 0.410223
v -2.351476 -0.012707 0.410223
v -2.485397 -0.090926 0.355130
v -2.495004 -0.048099 0.355130
v -2.351476 -0.012707 0.410223
v -2.495004 -0.048099 0.355130
v -2.373371 0.008314 0.450653
v -2.373371 0.008314 0.450653
v -2.495004 -0.048099 0.355130
v -2.513982 -0.029835 0.390257
v -2.373371 0.008314 0.450653
v -2.513982 -0.029835 0.390257
v -2.384234 -0.019958 0.491019
v -2.384234 -0.019958 0.491019
v -2.513982 -0.029835 0.390257
v -2.523412 -0.054398 0.425385
v -2.384234 -0.019958 0.491019
v -2.523412 -0.054398 0.425385
v -2.373201 -0.069311 0.491019
v -2.373201 -0.069311 0.491019
v -2.523412 -0.054398 0.425385
v -2.513865 -0.097289 0.425385
v -2.373201 -0.069311 0.491019
v -2.513865 -0.097289 0.425385
v -2.351369 -0.090271 0.450653
v -2.351369 -0.090271 0.450653
v -2.513865 -0.097289 0.425385
v -2.494825 -0.115550 0.390257
v -2.398226 -0.101384 0.450653
v -2.361694 -0.077908 0.510423
v -2.422101 -0.042022 0.487587
v -2.398226 -0.101384 0.450653
v -2.324366 -0.100095 0.450653
v -2.361694 -0.077908 0.510423
v -2.398226 -0.101384 0.450653
v -2.361694 -0.077908 0.390819
v -2.324366 -0.100095 0.450653
v -2.398226 -0.101384 0.450653
v -2.422101 -0.042022 0.413653
v -2.361694 -0.077908 0.390819
v -2.398226 -0.101384 0.450653
v -2.422101 -0.042022 0.487587
v -2.422101 -0.042022 0.413653
v -2.324366 -0.100095 0.450653
v -2.302578 -0.039936 0.487587
v -2.361694 -0.077908 0.510423
v -2.361694 -0.077908 0.510423
v -2.362983 -0.004048 0.510423
v -2.422101 -0.042022 0.487587
v -2.422101 -0.042022 0.487587
v -2.400312 0.018139 0.450653
v -2.422101 -0.042022 0.413653
v -2.422101 -0.042022 0.413653
v -2.362983 -0.004048 0.390819
v -2.361694 -0.077908 0.390819
v -2.361694 -0.077908 0.390819
v -2.302578 -0.039936 0.413653
v -2.324366 -0.100095 0.450653
v -2.326453 0.019429 0.450653
v -2.362983 -0.004048 0.510423
v -2.302578 -0.039936 0.487587
v -2.326453 0.019429 0.450653
v -2.400312 0.018139 0.450653
v -2.362983 -0.004048 0.510423
v -2.326453 0.019429 0.450653
v -2.362983 -0.004048 0.390819
v -2.400312 0.018139 0.450653
v -2.326453 0.019429 0.450653
v -2.302578 -0.039936 0.413653
v -2.362983 -0.004048 0.390819
v -2.326453 0.019429 0.450653
v -2.302578 -0.039936 0.487587
v -2.302578 -0.039936 0.413653
v -2.362983 -0.004048 0.510423
v -2.361694 -0.077908 0.510423
v -2.302578 -0.039936 0.487587
v -2.400312 0.018139 0.450653
v -2.422101 -0.042022 0.487587
v -2.362983 -0.004048 0.510423
v -2.362983 -0.004048 0.390819
v -2.422101 -0.042022 0.413653
v -2.400312 0.018139 0.450653
v -2.302578 -0.039936 0.413653
v -2.361694 -0.077908 0.390819
v -2.362983 -0.004048 0.390819
v -2.302578 -0.039936 0.487587
v -2.324366 -0.100095 0.450653
v -2.302578 -0.039936 0.413653
v -2.494686 -0.116360 0.390257
v -2.593622 -0.132502 0.327366
v -2.479422 -0.090009 0.357439
v -2.479422 -0.090009 0.357439
v -2.593622 -0.132502 0.327366
v -2.580359 -0.109556 0.298853
v -2.479422 -0.090009 0.357439
v -2.580359 -0.109556 0.298853
v -2.489170 -0.046312 0.357439
v -2.489170 -0.046312 0.357439
v -2.580359 -0.109556 0.298853
v -2.588821 -0.071577 0.298853
v -2.489170 -0.046312 0.357439
v -2.588821 -0.071577 0.298853
v -2.514182 -0.028965 0.390257
v -2.514182 -0.028965 0.390257
v -2.588821 -0.071577 0.298853
v -2.610549 -0.056481 0.327366
v -2.514182 -0.028965 0.390257
v -2.610549 -0.056481 0.327366
v -2.529449 -0.055315 0.423076
v -2.529449 -0.055315 0.423076
v -2.610549 -0.056481 0.327366
v -2.623815 -0.079365 0.355941
v -2.529449 -0.055315 0.423076
v -2.623815 -0.079365 0.355941
v -2.519699 -0.099013 0.423076
v -2.519699 -0.099013 0.423076
v -2.623815 -0.079365 0.355941
v -2.615353 -0.117406 0.355941
v -2.519699 -0.099013 0.423076
v -2.615353 -0.117406 0.355941
v -2.494686 -0.116360 0.390257
v -2.494686 -0.116360 0.390257
v -2.615353 -0.117406 0.355941
v -2.593622 -0.132502 0.327366
v -2.536261 -0.126259 0.390257
v -2.503864 -0.105413 0.443227
v -2.557396 -0.073586 0.423013
v -2.536261 -0.126259 0.390257
v -2.470759 -0.125116 0.390257
v -2.503864 -0.105413 0.443227
v -2.536261 -0.126259 0.390257
v -2.503864 -0.105413 0.337288
v -2.470759 -0.125116 0.390257
v -2.536261 -0.126259 0.390257
v -2.557396 -0.073586 0.357501
v -2.503864 -0.105413 0.337288
v -2.536261 -0.126259 0.390257
v -2.557396 -0.073586 0.423013
v -2.557396 -0.073586 0.357501
v -2.470759 -0.125116 0.390257
v -2.451473 -0.071738 0.423013
v -2.503864 -0.105413 0.443227
v -2.503864 -0.105413 0.443227
v -2.505005 -0.039913 0.443227
v -2.557396 -0.073586 0.423013
v -2.557396 -0.073586 0.423013
v -2.538110 -0.020272 0.390257
v -2.557396 -0.073586 0.357501
v -2.557396 -0.073586 0.357501
v -2.505005 -0.039913 0.337288
v -2.503864 -0.105413 0.337288
v -2.503864 -0.105413 0.337288
v -2.451473 -0.071738 0.357501
v -2.470759 -0.125116 0.390257
v -2.472609 -0.019129 0.390257
v -2.505005 -0.039913 0.443227
v -2.451473 -0.071738 0.423013
v -2.472609 -0.019129 0.390257
v -2.538110 -0.020272 0.390257
v -2.505005 -0.039913 0.443227
v -2.472609 -0.019129 0.390257
v -2.505005 -0.039913 0.337288
v -2.538110 -0.020272 0.390257
v -2.472609 -0.019129 0.390257
v -2.451473 -0.071738 0.357501
v -2.505005 -0.039913 0.337288
v -2.472609 -0.019129 0.390257
v -2.451473 -0.071738 0.423013
v -2.451473 -0.071738 0.357501
v -2.505005 -0.039913 0.443227
v -2.503864 -0.105413 0.443227
v -2.451473 -0.071738 0.423013
v -2.538110 -0.020272 0.390257
v -2.557396 -0.073586 0.423013
v -2.505005 -0.039913 0.443227
v -2.505005 -0.039913 0.337288
v -2.557396 -0.073586 0.357501
v -2.538110 -0.020272 0.390257
v -2.451473 -0.071738 0.357501
v -2.503864 -0.105413 0.337288
v -2.505005 -0.039913 0.337288
v -2.451473 -0.071738 0.423013
v -2.470759 -0.125116 0.390257
v -2.451473 -0.071738 0.357501
v -2.629425 -0.140490 0.327366
v -2.601595 -0.122594 0.372912
v -2.647624 -0.095255 0.355567
v -2.629425 -0.140490 0.327366
v -2.573156 -0.139508 0.327366
v -2.601595 -0.122594 0.372912
v -2.629425 -0.140490 0.327366
v -2.601595 -0.122594 0.281884
v -2.573156 -0.139508 0.327366
v -2.629425 -0.140490 0.327366
v -2.647624 -0.095255 0.299228
v -2.601595 -0.122594 0.281884
v -2.629425 -0.140490 0.327366
v -2.647624 -0.095255 0.355567
v -2.647624 -0.095255 0.299228
v -2.573156 -0.139508 0.327366
v -2.556546 -0.093666 0.355567
v -2.601595 -0.122594 0.372912
v -2.601595 -0.122594 0.372912
v -2.602576 -0.066327 0.372912
v -2.647624 -0.095255 0.355567
v -2.647624 -0.095255 0.355567
v -2.631015 -0.049413 0.327366
v -2.647624 -0.095255 0.299228
v -2.647624 -0.095255 0.299228
v -2.602576 -0.066327 0.281884
v -2.601595 -0.122594 0.281884
v -2.601595 -0.122594 0.281884
v -2.556546 -0.093666 0.299228
v -2.573156 -0.139508 0.327366
v -2.574748 -0.048430 0.327366
v -2.602576 -0.066327 0.372912
v -2.556546 -0.093666 0.355567
v -2.574748 -0.048430 0.327366
v -2.631015 -0.049413 0.327366
v -2.602576 -0.066327 0.372912
v -2.574748 -0.048430 0.327366
v -2.602576 -0.066327 0.281884
v -2.631015 -0.049413 0.327366
v -2.574748 -0.048430 0.327366
v -2.556546 -0.093666 0.299228
v -2.602576 -0.066327 0.281884
v -2.574748 -0.048430 0.327366
v -2.556546 -0.093666 0.355567
v -2.556546 -0.093666 0.299228
v -2.602576 -0.066327 0.372912
v -2.601595 -0.122594 0.372912
v -2.556546 -0.093666 0.355567
v -2.631015 -0.049413 0.327366
v -2.647624 -0.095255 0.355567
v -2.602576 -0.066327 0.372912
v -2.602576 -0.066327 0.281884
v -2.647624 -0.095255 0.299228
v -2.631015 -0.049413 0.327366
v -2.556546 -0.093666 0.299228
v -2.601595 -0.122594 0.281884
v -2.602576 -0.066327 0.281884
v -2.556546 -0.093666 0.355567
v -2.573156 -0.139508 0.327366
v -2.556546 -0.093666 0.299228
v -1.806138 -0.131673 0.452962
v -2.091721 -0.226079 0.417397
v -1.810812 -0.099742 0.398680
v -1.810812 -0.099742 0.398680
v -2.091721 -0.226079 0.417397
v -2.095761 -0.198381 0.370167
v -1.810812 -0.099742 0.398680
v -2.095761 -0.198381 0.370167
v -1.832254 -0.040400 0.398680
v -1.832254 -0.040400 0.398680
v -2.095761 -0.198381 0.370167
v -2.114446 -0.146727 0.370167
v -1.832254 -0.040400 0.398680
v -2.114446 -0.146727 0.370167
v -1.849023 -0.012862 0.452962
v -1.849023 -0.012862 0.452962
v -2.114446 -0.146727 0.370167
v -2.129028 -0.122832 0.417397
v -1.849023 -0.012862 0.452962
v -2.129028 -0.122832 0.417397
v -1.844345 -0.044729 0.507242
v -1.844345 -0.044729 0.507242
v -2.129028 -0.122832 0.417397
v -2.124926 -0.150528 0.464629
v -1.844345 -0.044729 0.507242
v -2.124926 -0.150528 0.464629
v -1.822906 -0.104135 0.507242
v -1.822906 -0.104135 0.507242
v -2.124926 -0.150528 0.464629
v -2.106303 -0.202184 0.464629
v -1.822906 -0.104135 0.507242
v -2.106303 -0.202184 0.464629
v -1.806138 -0.131673 0.452962
v -1.806138 -0.131673 0.452962
v -2.106303 -0.202184 0.464629
v -2.091721 -0.226079 0.417397
v -1.872437 -0.147806 0.452962
v -1.826773 -0.118429 0.527705
v -1.902251 -0.073571 0.499130
v -1.872437 -0.147806 0.452962
v -1.780112 -0.146195 0.452962
v -1.826773 -0.118429 0.527705
v -1.872437 -0.147806 0.452962
v -1.826773 -0.118429 0.378217
v -1.780112 -0.146195 0.452962
v -1.872437 -0.147806 0.452962
v -1.902251 -0.073571 0.406791
v -1.826773 -0.118429 0.378217
v -1.872437 -0.147806 0.452962
v -1.902251 -0.073571 0.499130
v -1.902251 -0.073571 0.406791
v -1.780112 -0.146195 0.452962
v -1.752846 -0.070962 0.499130
v -1.826773 -0.118429 0.527705
v -1.826773 -0.118429 0.527705
v -1.828385 -0.026104 0.527705
v -1.902251 -0.073571 0.499130
v -1.902251 -0.073571 0.499130
v -1.875047 0.001660 0.452962
v -1.902251 -0.073571 0.406791
v -1.902251 -0.073571 0.406791
v -1.828385 -0.026104 0.378217
v -1.826773 -0.118429 0.378217
v -1.826773 -0.118429 0.378217
v -1.752846 -0.070962 0.406791
v -1.780112 -0.146195 0.452962
v -1.782720 0.003272 0.452962
v -1.828385 -0.026104 0.527705
v -1.752846 -0.070962 0.499130
v -1.782720 0.003272 0.452962
v -1.875047 0.001660 0.452962
v -1.828385 -0.026104 0.527705
v -1.782720 0.003272 0.452962
v -1.828385 -0.026104 0.378217
v -1.875047 0.001660 0.452962
v -1.782720 0.003272 0.452962
v -1.752846 -0.070962 0.406791
v -1.828385 -0.026104 0.378217
v -1.782720 0.003272 0.452962
v -1.752846 -0.070962 0.499130
v -1.752846 -0.070962 0.406791
v -1.828385 -0.026104 0.527705
v -1.826773 -0.118429 0.527705
v -1.752846 -0.070962 0.499130
v -1.875047 0.001660 0.452962
v -1.902251 -0.073571 0.499130
v -1.828385 -0.026104 0.527705
v -1.828385 -0.026104 0.378217
v -1.902251 -0.073571 0.406791
v -1.875047 0.001660 0.452962
v -1.752846 -0.070962 0.406791
v -1.826773 -0.118429 0.378217
v -1.828385 -0.026104 0.378217
v -1.752846 -0.070962 0.499130
v -1.780112 -0.146195 0.452962
v -1.752846 -0.070962 0.406791
v -2.091262 -0.227319 0.417397
v -2.289580 -0.291183 0.363304
v -2.089302 -0.196708 0.370228
v -2.089302 -0.196708 0.370228
v -2.289580 -0.291183 0.363304
v -2.287862 -0.264572 0.322314
v -2.089302 -0.196708 0.370228
v -2.287862 -0.264572 0.322314
v -2.108382 -0.143812 0.370228
v -2.108382 -0.143812 0.370228
v -2.287862 -0.264572 0.322314
v -2.304515 -0.218560 0.322314
v -2.108382 -0.143812 0.370228
v -2.304515 -0.218560 0.322314
v -2.129488 -0.121529 0.417397
v -2.129488 -0.121529 0.417397
v -2.304515 -0.218560 0.322314
v -2.322823 -0.199224 0.363304
v -2.129488 -0.121529 0.417397
v -2.322823 -0.199224 0.363304
v -2.131450 -0.152140 0.464565
v -2.131450 -0.152140 0.464565
v -2.322823 -0.199224 0.363304
v -2.324543 -0.225837 0.404296
v -2.131450 -0.152140 0.464565
v -2.324543 -0.225837 0.404296
v -2.112305 -0.205035 0.464565
v -2.112305 -0.205035 0.464565
v -2.324543 -0.225837 0.404296
v -2.307890 -0.271847 0.404296
v -2.112305 -0.205035 0.464565
v -2.307890 -0.271847 0.404296
v -2.091262 -0.227319 0.417397
v -2.091262 -0.227319 0.417397
v -2.307890 -0.271847 0.404296
v -2.289580 -0.291183 0.363304
v -2.150353 -0.241704 0.417397
v -2.109626 -0.215596 0.483968
v -2.176905 -0.175586 0.458513
v -2.150353 -0.241704 0.417397
v -2.068073 -0.240267 0.417397
v -2.109626 -0.215596 0.483968
v -2.150353 -0.241704 0.417397
v -2.109626 -0.215596 0.350827
v -2.068073 -0.240267 0.417397
v -2.150353 -0.241704 0.417397
v -2.176905 -0.175586 0.376220
v -2.109626 -0.215596 0.350827
v -2.150353 -0.241704 0.417397
v -2.176905 -0.175586 0.458513
v -2.176905 -0.175586 0.376220
v -2.068073 -0.240267 0.417397
v -2.043782 -0.173261 0.458513
v -2.109626 -0.215596 0.483968
v -2.109626 -0.215596 0.483968
v -2.111061 -0.133314 0.483968
v -2.176905 -0.175586 0.458513
v -2.176905 -0.175586 0.458513
v -2.152678 -0.108581 0.417397
v -2.176905 -0.175586 0.376220
v -2.176905 -0.175586 0.376220
v -2.111061 -0.133314 0.350827
v -2.109626 -0.215596 0.350827
v -2.109626 -0.215596 0.350827
v -2.043782 -0.173261 0.376220
v -2.068073 -0.240267 0.417397
v -2.070395 -0.107145 0.417397
v -2.111061 -0.133314 0.483968
v -2.043782 -0.173261 0.458513
v -2.070395 -0.107145 0.417397
v -2.152678 -0.108581 0.417397
v -2.111061 -0.133314 0.483968
v -2.070395 -0.107145 0.417397
v -2.111061 -0.133314 0.350827
v -2.152678 -0.108581 0.417397
v -2.070395 -0.107145 0.417397
v -2.043782 -0.173261 0.376220
v -2.111061 -0.133314 0.350827
v -2.070395 -0.107145 0.417397
v -2.043782 -0.173261 0.458513
v -2.043782 -0.173261 0.376220
v -2.111061 -0.133314 0.483968
v -2.109626 -0.215596 0.483968
v -2.043782 -0.173261 0.458513
v -2.152678 -0.108581 0.417397
v -2.176905 -0.175586 0.458513
v -2.111061 -0.133314 0.483968
v -2.111061 -0.133314 0.350827
v -2.176905 -0.175586 0.376220
v -2.152678 -0.108581 0.417397
v -2.043782 -0.173261 0.376220
v -2.109626 -0.215596 0.350827
v -2.111061 -0.133314 0.350827
v -2.043782 -0.173261 0.458513
v -2.068073 -0.240267 0.417397
v -2.043782 -0.173261 0.376220
v -2.289056 -0.292735 0.363304
v -2.426156 -0.335252 0.293800
v -2.279660 -0.262493 0.323937
v -2.279660 -0.262493 0.323937
v -2.426156 -0.335252 0.293800
v -2.418003 -0.308963 0.259546
v -2.279660 -0.262493 0.323937
v -2.418003 -0.308963 0.259546
v -2.296840 -0.214933 0.323937
v -2.296840 -0.214933 0.323937
v -2.418003 -0.308963 0.259546
v -2.432889 -0.267665 0.259546
v -2.296840 -0.214933 0.323937
v -2.432889 -0.267665 0.259546
v -2.323350 -0.197673 0.363304
v -2.323350 -0.197673 0.363304
v -2.432889 -0.267665 0.259546
v -2.455990 -0.252593 0.293800
v -2.323350 -0.197673 0.363304
v -2.455990 -0.252593 0.293800
v -2.332743 -0.227913 0.402672
v -2.332743 -0.227913 0.402672
v -2.455990 -0.252593 0.293800
v -2.464141 -0.278944 0.327990
v -2.332743 -0.227913 0.402672
v -2.464141 -0.278944 0.327990
v -2.315565 -0.275414 0.402672
v -2.315565 -0.275414 0.402672
v -2.464141 -0.278944 0.327990
v -2.449193 -0.320241 0.327990
v -2.315565 -0.275414 0.402672
v -2.449193 -0.320241 0.327990
v -2.289056 -0.292735 0.363304
v -2.289056 -0.292735 0.363304
v -2.449193 -0.320241 0.327990
v -2.426156 -0.335252 0.293800
v -2.342120 -0.305643 0.363304
v -2.305524 -0.282165 0.423076
v -2.365996 -0.246216 0.400239
v -2.342120 -0.305643 0.363304
v -2.268198 -0.304352 0.363304
v -2.305524 -0.282165 0.423076
v -2.342120 -0.305643 0.363304
v -2.305524 -0.282165 0.303533
v -2.268198 -0.304352 0.363304
v -2.342120 -0.305643 0.363304
v -2.365996 -0.246216 0.326368
v -2.305524 -0.282165 0.303533
v -2.342120 -0.305643 0.363304
v -2.365996 -0.246216 0.400239
v -2.365996 -0.246216 0.326368
v -2.268198 -0.304352 0.363304
v -2.246410 -0.244130 0.400239
v -2.305524 -0.282165 0.423076
v -2.305524 -0.282165 0.423076
v -2.306816 -0.208242 0.423076
v -2.365996 -0.246216 0.400239
v -2.365996 -0.246216 0.400239
v -2.344207 -0.186057 0.363304
v -2.365996 -0.246216 0.326368
v -2.365996 -0.246216 0.326368
v -2.306816 -0.208242 0.303533
v -2.305524 -0.282165 0.303533
v -2.305524 -0.282165 0.303533
v -2.246410 -0.244130 0.326368
v -2.268198 -0.304352 0.363304
v -2.270283 -0.184766 0.363304
v -2.306816 -0.208242 0.423076
v -2.246410 -0.244130 0.400239
v -2.270283 -0.184766 0.363304
v -2.344207 -0.186057 0.363304
v -2.306816 -0.208242 0.423076
v -2.270283 -0.184766 0.363304
v -2.306816 -0.208242 0.303533
v -2.344207 -0.186057 0.363304
v -2.270283 -0.184766 0.363304
v -2.246410 -0.244130 0.326368
v -2.306816 -0.208242 0.303533
v -2.270283 -0.184766 0.363304
v -2.246410 -0.244130 0.400239
v -2.246410 -0.244130 0.326368
v -2.306816 -0.208242 0.423076
v -2.305524 -0.282165 0.423076
v -2.246410 -0.244130 0.400239
v -2.344207 -0.186057 0.363304
v -2.365996 -0.246216 0.400239
v -2.306816 -0.208242 0.423076
v -2.306816 -0.208242 0.303533
v -2.365996 -0.246216 0.326368
v -2.344207 -0.186057 0.363304
v -2.246410 -0.244130 0.326368
v -2.305524 -0.282165 0.303533
v -2.306816 -0.208242 0.303533
v -2.246410 -0.244130 0.400239
v -2.268198 -0.304352 0.363304
v -2.246410 -0.244130 0.326368
v -2.425830 -0.336056 0.293800
v -2.519945 -0.363847 0.225295
v -2.412539 -0.307433 0.262044
v -2.412539 -0.307433 0.262044
v -2.519945 -0.363847 0.225295
v -2.508336 -0.338933 0.197656
v -2.412539 -0.307433 0.262044
v -2.508336 -0.338933 0.197656
v -2.427750 -0.265329 0.262044
v -2.427750 -0.265329 0.262044
v -2.508336 -0.338933 0.197656
v -2.521582 -0.302347 0.197656
v -2.427750 -0.265329 0.262044
v -2.521582 -0.302347 0.197656
v -2.456254 -0.251848 0.293800
v -2.456254 -0.251848 0.293800
v -2.521582 -0.302347 0.197656
v -2.546371 -0.290612 0.225295
v -2.456254 -0.251848 0.293800
v -2.546371 -0.290612 0.225295
v -2.469545 -0.280410 0.325559
v -2.469545 -0.280410 0.325559
v -2.546371 -0.290612 0.225295
v -2.557980 -0.315463 0.252872
v -2.469545 -0.280410 0.325559
v -2.557980 -0.315463 0.252872
v -2.454334 -0.322516 0.325559
v -2.454334 -0.322516 0.325559
v -2.557980 -0.315463 0.252872
v -2.544736 -0.352111 0.252872
v -2.454334 -0.322516 0.325559
v -2.544736 -0.352111 0.252872
v -2.425830 -0.336056 0.293800
v -2.425830 -0.336056 0.293800
v -2.544736 -0.352111 0.252872
v -2.519945 -0.363847 0.225295
v -2.472868 -0.347486 0.293800
v -2.440470 -0.326641 0.346770
v -2.494066 -0.294879 0.326555
v -2.472868 -0.347486 0.293800
v -2.407367 -0.346343 0.293800
v -2.440470 -0.326641 0.346770
v -2.472868 -0.347486 0.293800
v -2.440470 -0.326641 0.240768
v -2.407367 -0.346343 0.293800
v -2.472868 -0.347486 0.293800
v -2.494066 -0.294879 0.261044
v -2.440470 -0.326641 0.240768
v -2.472868 -0.347486 0.293800
v -2.494066 -0.294879 0.326555
v -2.494066 -0.294879 0.261044
v -2.407367 -0.346343 0.293800
v -2.388081 -0.293028 0.326555
v -2.440470 -0.326641 0.346770
v -2.440470 -0.326641 0.346770
v -2.441613 -0.261202 0.346770
v -2.494066 -0.294879 0.326555
v -2.494066 -0.294879 0.326555
v -2.474719 -0.241500 0.293800
v -2.494066 -0.294879 0.261044
v -2.494066 -0.294879 0.261044
v -2.441613 -0.261202 0.240768
v -2.440470 -0.326641 0.240768
v -2.440470 -0.326641 0.240768
v -2.388081 -0.293028 0.261044
v -2.407367 -0.346343 0.293800
v -2.409216 -0.240357 0.293800
v -2.441613 -0.261202 0.346770
v -2.388081 -0.293028 0.326555
v -2.409216 -0.240357 0.293800
v -2.474719 -0.241500 0.293800
v -2.441613 -0.261202 0.346770
v -2.409216 -0.240357 0.293800
v -2.441613 -0.261202 0.240768
v -2.474719 -0.241500 0.293800
v -2.409216 -0.240357 0.293800
v -2.388081 -0.293028 0.261044
v -2.441613 -0.261202 0.240768
v -2.409216 -0.240357 0.293800
v -2.388081 -0.293028 0.326555
v -2.388081 -0.293028 0.261044
v -2.441613 -0.261202 0.346770
v -2.440470 -0.326641 0.346770
v -2.388081 -0.293028 0.326555
v -2.474719 -0.241500 0.293800
v -2.494066 -0.294879 0.326555
v -2.441613 -0.261202 0.346770
v -2.441613 -0.261202 0.240768
v -2.494066 -0.294879 0.261044
v -2.474719 -0.241500 0.293800
v -2.388081 -0.293028 0.261044
v -2.440470 -0.326641 0.240768
v -2.441613 -0.261202 0.240768
v -2.388081 -0.293028 0.326555
v -2.407367 -0.346343 0.293800
v -2.388081 -0.293028 0.261044
v -2.560528 -0.373227 0.225295
v -2.532698 -0.355333 0.270777
v -2.578664 -0.327991 0.253434
v -2.560528 -0.373227 0.225295
v -2.504198 -0.372245 0.225295
v -2.532698 -0.355333 0.270777
v -2.560528 -0.373227 0.225295
v -2.532698 -0.355333 0.179750
v -2.504198 -0.372245 0.225295
v -2.560528 -0.373227 0.225295
v -2.578664 -0.327991 0.197094
v -2.532698 -0.355333 0.179750
v -2.560528 -0.373227 0.225295
v -2.578664 -0.327991 0.253434
v -2.578664 -0.327991 0.197094
v -2.504198 -0.372245 0.225295
v -2.487651 -0.326404 0.253434
v -2.532698 -0.355333 0.270777
v -2.532698 -0.355333 0.270777
v -2.533680 -0.299064 0.270777
v -2.578664 -0.327991 0.253434
v -2.578664 -0.327991 0.253434
v -2.562118 -0.282151 0.225295
v -2.578664 -0.327991 0.197094
v -2.578664 -0.327991 0.197094
v -2.533680 -0.299064 0.179750
v -2.532698 -0.355333 0.179750
v -2.532698 -0.355333 0.179750
v -2.487651 -0.326404 0.197094
v -2.504198 -0.372245 0.225295
v -2.505788 -0.281168 0.225295
v -2.533680 -0.299064 0.270777
v -2.487651 -0.326404 0.253434
v -2.505788 -0.281168 0.225295
v -2.562118 -0.282151 0.225295
v -2.533680 -0.299064 0.270777
v -2.505788 -0.281168 0.225295
v -2.533680 -0.299064 0.179750
v -2.562118 -0.282151 0.225295
v -2.505788 -0.281168 0.225295
v -2.487651 -0.326404 0.197094
v -2.533680 -0.299064 0.179750
v -2.505788 -0.281168 0.225295
v -2.487651 -0.326404 0.253434
v -2.487651 -0.326404 0.197094
v -2.533680 -0.299064 0.270777
v -2.532698 -0.355333 0.270777
v -2.487651 -0.326404 0.253434
v -2.562118 -0.282151 0.225295
v -2.578664 -0.327991 0.253434
v -2.533680 -0.299064 0.270777
v -2.533680 -0.299064 0.179750
v -2.578664 -0.327991 0.197094
v -2.562118 -0.282151 0.225295
v -2.487651 -0.326404 0.197094
v -2.532698 -0.355333 0.179750
v -2.533680 -0.299064 0.179750
v -2.487651 -0.326404 0.253434
v -2.504198 -0.372245 0.225295
v -2.487651 -0.326404 0.197094
v -1.829824 -0.079482 0.490958
v -2.139402 -0.164884 0.462383
v -1.834308 -0.047861 0.436491
v -1.834308 -0.047861 0.436491
v -2.139402 -0.164884 0.462383
v -2.143313 -0.137433 0.415026
v -1.834308 -0.047861 0.436491
v -2.143313 -0.137433 0.415026
v -1.852709 0.012533 0.436491
v -1.852709 0.012533 0.436491
v -2.143313 -0.137433 0.415026
v -2.159269 -0.084857 0.415026
v -1.852709 0.012533 0.436491
v -2.159269 -0.084857 0.415026
v -1.866504 0.041309 0.490958
v -1.866504 0.041309 0.490958
v -2.159269 -0.084857 0.415026
v -2.171312 -0.059858 0.462383
v -1.866504 0.041309 0.490958
v -2.171312 -0.059858 0.462383
v -1.861959 0.009690 0.545424
v -1.861959 0.009690 0.545424
v -2.171312 -0.059858 0.462383
v -2.167338 -0.087309 0.509738
v -1.861959 0.009690 0.545424
v -2.167338 -0.087309 0.509738
v -1.843618 -0.050708 0.545424
v -1.843618 -0.050708 0.545424
v -2.167338 -0.087309 0.509738
v -2.151383 -0.139883 0.509738
v -1.843618 -0.050708 0.545424
v -2.151383 -0.139883 0.509738
v -1.829824 -0.079482 0.490958
v -1.829824 -0.079482 0.490958
v -2.151383 -0.139883 0.509738
v -2.139402 -0.164884 0.462383
v -1.893022 -0.094626 0.490958
v -1.847356 -0.065248 0.565703
v -1.922896 -0.020390 0.537190
v -1.893022 -0.094626 0.490958
v -1.800698 -0.093015 0.490958
v -1.847356 -0.065248 0.565703
v -1.893022 -0.094626 0.490958
v -1.847356 -0.065248 0.416274
v -1.800698 -0.093015 0.490958
v -1.893022 -0.094626 0.490958
v -1.922896 -0.020390 0.444787
v -1.847356 -0.065248 0.416274
v -1.893022 -0.094626 0.490958
v -1.922896 -0.020390 0.537190
v -1.922896 -0.020390 0.444787
v -1.800698 -0.093015 0.490958
v -1.773430 -0.017781 0.537190
v -1.847356 -0.065248 0.565703
v -1.847356 -0.065248 0.565703
v -1.848969 0.027076 0.565703
v -1.922896 -0.020390 0.537190
v -1.922896 -0.020390 0.537190
v -1.895630 0.054842 0.490958
v -1.922896 -0.020390 0.444787
v -1.922896 -0.020390 0.444787
v -1.848969 0.027076 0.416274
v -1.847356 -0.065248 0.416274
v -1.847356 -0.065248 0.416274
v -1.773430 -0.017781 0.444787
v -1.800698 -0.093015 0.490958
v -1.803307 0.056453 0.490958
v -1.848969 0.027076 0.565703
v -1.773430 -0.017781 0.537190
v -1.803307 0.056453 0.490958
v -1.895630 0.054842 0.490958
v -1.848969 0.027076 0.565703
v -1.803307 0.056453 0.490958
v -1.848969 0.027076 0.416274
v -1.895630 0.054842 0.490958
v -1.803307 0.056453 0.490958
v -1.773430 -0.017781 0.444787
v -1.848969 0.027076 0.416274
v -1.803307 0.056453 0.490958
v -1.773430 -0.017781 0.537190
v -1.773430 -0.017781 0.444787
v -1.848969 0.027076 0.565703
v -1.847356 -0.065248 0.565703
v -1.773430 -0.017781 0.537190
v -1.895630 0.054842 0.490958
v -1.922896 -0.020390 0.537190
v -1.848969 0.027076 0.565703
v -1.848969 0.027076 0.416274
v -1.922896 -0.020390 0.444787
v -1.895630 0.054842 0.490958
v -1.773430 -0.017781 0.444787
v -1.847356 -0.065248 0.416274
v -1.848969 0.027076 0.416274
v -1.773430 -0.017781 0.537190
v -1.800698 -0.093015 0.490958
v -1.773430 -0.017781 0.444787
v -2.139004 -0.166188 0.462383
v -2.354715 -0.223993 0.410973
v -2.136722 -0.136133 0.414901
v -2.136722 -0.136133 0.414901
v -2.354715 -0.223993 0.410973
v -2.352674 -0.197872 0.369730
v -2.136722 -0.136133 0.414901
v -2.352674 -0.197872 0.369730
v -2.153076 -0.082255 0.414901
v -2.153076 -0.082255 0.414901
v -2.352674 -0.197872 0.369730
v -2.366906 -0.151072 0.369730
v -2.153076 -0.082255 0.414901
v -2.366906 -0.151072 0.369730
v -2.171710 -0.058555 0.462383
v -2.171710 -0.058555 0.462383
v -2.366906 -0.151072 0.369730
v -2.383118 -0.130389 0.410973
v -2.171710 -0.058555 0.462383
v -2.383118 -0.130389 0.410973
v -2.173994 -0.088609 0.509863
v -2.173994 -0.088609 0.509863
v -2.383118 -0.130389 0.410973
v -2.385095 -0.156567 0.452275
v -2.173994 -0.088609 0.509863
v -2.385095 -0.156567 0.452275
v -2.157641 -0.142425 0.509863
v -2.157641 -0.142425 0.509863
v -2.385095 -0.156567 0.452275
v -2.370862 -0.203369 0.452275
v -2.157641 -0.142425 0.509863
v -2.370862 -0.203369 0.452275
v -2.139004 -0.166188 0.462383
v -2.139004 -0.166188 0.462383
v -2.370862 -0.203369 0.452275
v -2.354715 -0.223993 0.410973
v -2.195305 -0.179651 0.462383
v -2.154640 -0.153481 0.528953
v -2.221919 -0.113533 0.503498
v -2.195305 -0.179651 0.462383
v -2.113023 -0.178214 0.462383
v -2.154640 -0.153481 0.528953
v -2.195305 -0.179651 0.462383
v -2.154640 -0.153481 0.395811
v -2.113023 -0.178214 0.462383
v -2.195305 -0.179651 0.462383
v -2.221919 -0.113533 0.421204
v -2.154640 -0.153481 0.395811
v -2.195305 -0.179651 0.462383
v -2.221919 -0.113533 0.503498
v -2.221919 -0.113533 0.421204
v -2.113023 -0.178214 0.462383
v -2.088796 -0.111210 0.503498
v -2.154640 -0.153481 0.528953
v -2.154640 -0.153481 0.528953
v -2.156077 -0.071200 0.528953
v -2.221919 -0.113533 0.503498
v -2.221919 -0.113533 0.503498
v -2.197629 -0.046528 0.462383
v -2.221919 -0.113533 0.421204
v -2.221919 -0.113533 0.421204
v -2.156077 -0.071200 0.395811
v -2.154640 -0.153481 0.395811
v -2.154640 -0.153481 0.395811
v -2.088796 -0.111210 0.421204
v -2.113023 -0.178214 0.462383
v -2.115347 -0.045092 0.462383
v -2.156077 -0.071200 0.528953
v -2.088796 -0.111210 0.503498
v -2.115347 -0.045092 0.462383
v -2.197629 -0.046528 0.462383
v -2.156077 -0.071200 0.528953
v -2.115347 -0.045092 0.462383
v -2.156077 -0.071200 0.395811
v -2.197629 -0.046528 0.462383
v -2.115347 -0.045092 0.462383
v -2.088796 -0.111210 0.421204
v -2.156077 -0.071200 0.395811
v -2.115347 -0.045092 0.462383
v -2.088796 -0.111210 0.503498
v -2.088796 -0.111210 0.421204
v -2.156077 -0.071200 0.528953
v -2.154640 -0.153481 0.528953
v -2.088796 -0.111210 0.503498
v -2.197629 -0.046528 0.462383
v -2.221919 -0.113533 0.503498
v -2.156077 -0.071200 0.528953
v -2.156077 -0.071200 0.395811
v -2.221919 -0.113533 0.421204
v -2.197629 -0.046528 0.462383
v -2.088796 -0.111210 0.421204
v -2.154640 -0.153481 0.395811
v -2.156077 -0.071200 0.395811
v -2.088796 -0.111210 0.503498
v -2.113023 -0.178214 0.462383
v -2.088796 -0.111210 0.421204
v -2.354252 -0.225545 0.410973
v -2.503900 -0.264100 0.340782
v -2.344218 -0.196104 0.371164
v -2.344218 -0.196104 0.371164
v -2.503900 -0.264100 0.340782
v -2.495237 -0.238551 0.306154
v -2.344218 -0.196104 0.371164
v -2.495237 -0.238551 0.306154
v -2.358916 -0.147811 0.371164
v -2.358916 -0.147811 0.371164
v -2.495237 -0.238551 0.306154
v -2.508015 -0.196466 0.306154
v -2.358916 -0.147811 0.371164
v -2.508015 -0.196466 0.306154
v -2.383581 -0.128899 0.410973
v -2.383581 -0.128899 0.410973
v -2.508015 -0.196466 0.306154
v -2.529454 -0.180055 0.340779
v -2.383581 -0.128899 0.410973
v -2.529454 -0.180055 0.340779
v -2.393551 -0.158275 0.450840
v -2.393551 -0.158275 0.450840
v -2.529454 -0.180055 0.340779
v -2.538119 -0.205666 0.375408
v -2.393551 -0.158275 0.450840
v -2.538119 -0.205666 0.375408
v -2.378855 -0.206630 0.450840
v -2.378855 -0.206630 0.450840
v -2.538119 -0.205666 0.375408
v -2.525342 -0.247689 0.375408
v -2.378855 -0.206630 0.450840
v -2.525342 -0.247689 0.375408
v -2.354252 -0.225545 0.410973
v -2.354252 -0.225545 0.410973
v -2.525342 -0.247689 0.375408
v -2.503900 -0.264100 0.340782
v -2.404771 -0.237596 0.410973
v -2.368238 -0.214181 0.470742
v -2.428648 -0.178231 0.447907
v -2.404771 -0.237596 0.410973
v -2.330912 -0.236306 0.410973
v -2.368238 -0.214181 0.470742
v -2.404771 -0.237596 0.410973
v -2.368238 -0.214181 0.351202
v -2.330912 -0.236306 0.410973
v -2.404771 -0.237596 0.410973
v -2.428648 -0.178231 0.374036
v -2.368238 -0.214181 0.351202
v -2.404771 -0.237596 0.410973
v -2.428648 -0.178231 0.447907
v -2.428648 -0.178231 0.374036
v -2.330912 -0.236306 0.410973
v -2.309125 -0.176147 0.447907
v -2.368238 -0.214181 0.470742
v -2.368238 -0.214181 0.470742
v -2.369529 -0.140260 0.470742
v -2.428648 -0.178231 0.447907
v -2.428648 -0.178231 0.447907
v -2.406859 -0.118072 0.410973
v -2.428648 -0.178231 0.374036
v -2.428648 -0.178231 0.374036
v -2.369529 -0.140260 0.351202
v -2.368238 -0.214181 0.351202
v -2.368238 -0.214181 0.351202
v -2.309125 -0.176147 0.374036
v -2.330912 -0.236306 0.410973
v -2.332998 -0.116783 0.410973
v -2.369529 -0.140260 0.470742
v -2.309125 -0.176147 0.447907
v -2.332998 -0.116783 0.410973
v -2.406859 -0.118072 0.410973
v -2.369529 -0.140260 0.470742
v -2.332998 -0.116783 0.410973
v -2.369529 -0.140260 0.351202
v -2.406859 -0.118072 0.410973
v -2.332998 -0.116783 0.410973
v -2.309125 -0.176147 0.374036
v -2.369529 -0.140260 0.351202
v -2.332998 -0.116783 0.410973
v -2.309125 -0.176147 0.447907
v -2.309125 -0.176147 0.374036
v -2.369529 -0.140260 0.470742
v -2.368238 -0.214181 0.470742
v -2.309125 -0.176147 0.447907
v -2.406859 -0.118072 0.410973
v -2.428648 -0.178231 0.447907
v -2.369529 -0.140260 0.470742
v -2.369529 -0.140260 0.351202
v -2.428648 -0.178231 0.374036
v -2.406859 -0.118072 0.410973
v -2.309125 -0.176147 0.374036
v -2.368238 -0.214181 0.351202
v -2.369529 -0.140260 0.351202
v -2.309125 -0.176147 0.447907
v -2.330912 -0.236306 0.410973
v -2.309125 -0.176147 0.374036
v -2.503636 -0.264905 0.340782
v -2.606535 -0.290040 0.270028
v -2.489518 -0.237266 0.308588
v -2.489518 -0.237266 0.308588
v -2.606535 -0.290040 0.270028
v -2.594286 -0.265989 0.242015
v -2.489518 -0.237266 0.308588
v -2.594286 -0.265989 0.242015
v -2.502560 -0.194373 0.308587
v -2.502560 -0.194373 0.308587
v -2.594286 -0.265989 0.242015
v -2.605608 -0.228747 0.242015
v -2.502560 -0.194373 0.308587
v -2.605608 -0.228747 0.242015
v -2.529656 -0.179245 0.340779
v -2.529656 -0.179245 0.340779
v -2.605608 -0.228747 0.242015
v -2.629176 -0.215554 0.270028
v -2.529656 -0.179245 0.340779
v -2.629176 -0.215554 0.270028
v -2.543776 -0.206950 0.373038
v -2.543776 -0.206950 0.373038
v -2.629176 -0.215554 0.270028
v -2.641486 -0.239606 0.298104
v -2.543776 -0.206950 0.373038
v -2.641486 -0.239606 0.298104
v -2.530797 -0.249779 0.373038
v -2.530797 -0.249779 0.373038
v -2.641486 -0.239606 0.298104
v -2.630164 -0.276849 0.298104
v -2.530797 -0.249779 0.373038
v -2.630164 -0.276849 0.298104
v -2.503636 -0.264905 0.340782
v -2.503636 -0.264905 0.340782
v -2.630164 -0.276849 0.298104
v -2.606535 -0.290040 0.270028
v -2.548505 -0.275610 0.340782
v -2.516107 -0.254827 0.393752
v -2.569641 -0.223002 0.373536
v -2.548505 -0.275610 0.340782
v -2.483004 -0.274468 0.340782
v -2.516107 -0.254827 0.393752
v -2.548505 -0.275610 0.340782
v -2.516107 -0.254827 0.287810
v -2.483004 -0.274468 0.340782
v -2.548505 -0.275610 0.340782
v -2.569641 -0.223002 0.308026
v -2.516107 -0.254827 0.287810
v -2.548505 -0.275610 0.340782
v -2.569641 -0.223002 0.373536
v -2.569641 -0.223002 0.308026
v -2.483004 -0.274468 0.340782
v -2.463717 -0.221153 0.373536
v -2.516107 -0.254827 0.393752
v -2.516107 -0.254827 0.393752
v -2.517250 -0.189327 0.393752
v -2.569641 -0.223002 0.373536
v -2.569641 -0.223002 0.373536
v -2.550353 -0.169686 0.340779
v -2.569641 -0.223002 0.308026
v -2.569641 -0.223002 0.308026
v -2.517250 -0.189327 0.287810
v -2.516107 -0.254827 0.287810
v -2.516107 -0.254827 0.287810
v -2.463717 -0.221153 0.308026
v -2.483004 -0.274468 0.340782
v -2.484851 -0.168544 0.340779
v -2.517250 -0.189327 0.393752
v -2.463717 -0.221153 0.373536
v -2.484851 -0.168544 0.340779
v -2.550353 -0.169686 0.340779
v -2.517250 -0.189327 0.393752
v -2.484851 -0.168544 0.340779
v -2.517250 -0.189327 0.287810
v -2.550353 -0.169686 0.340779
v -2.484851 -0.168544 0.340779
v -2.463717 -0.221153 0.308026
v -2.517250 -0.189327 0.287810
v -2.484851 -0.168544 0.340779
v -2.463717 -0.221153 0.373536
v -2.463717 -0.221153 0.308026
v -2.517250 -0.189327 0.393752
v -2.516107 -0.254827 0.393752
v -2.463717 -0.221153 0.373536
v -2.550353 -0.169686 0.340779
v -2.569641 -0.223002 0.373536
v -2.517250 -0.189327 0.393752
v -2.517250 -0.189327 0.287810
v -2.569641 -0.223002 0.308026
v -2.550353 -0.169686 0.340779
v -2.463717 -0.221153 0.308026
v -2.516107 -0.254827 0.287810
v -2.517250 -0.189327 0.287810
v -2.463717 -0.221153 0.373536
v -2.483004 -0.274468 0.340782
v -2.463717 -0.221153 0.308026
v -2.645194 -0.298827 0.270028
v -2.617364 -0.280933 0.315575
v -2.663395 -0.253591 0.298229
v -2.645194 -0.298827 0.270028
v -2.588925 -0.297844 0.270028
v -2.617364 -0.280933 0.315575
v -2.645194 -0.298827 0.270028
v -2.617364 -0.280933 0.224546
v -2.588925 -0.297844 0.270028
v -2.645194 -0.298827 0.270028
v -2.663395 -0.253591 0.241890
v -2.617364 -0.280933 0.224546
v -2.645194 -0.298827 0.270028
v -2.663395 -0.253591 0.298229
v -2.663395 -0.253591 0.241890
v -2.588925 -0.297844 0.270028
v -2.572317 -0.252002 0.298229
v -2.617364 -0.280933 0.315575
v -2.617364 -0.280933 0.315575
v -2.618345 -0.224663 0.315575
v -2.663395 -0.253591 0.298229
v -2.663395 -0.253591 0.298229
v -2.646784 -0.207749 0.270028
v -2.663395 -0.253591 0.241890
v -2.663395 -0.253591 0.241890
v -2.618345 -0.224663 0.224546
v -2.617364 -0.280933 0.224546
v -2.617364 -0.280933 0.224546
v -2.572317 -0.252002 0.241890
v -2.588925 -0.297844 0.270028
v -2.590515 -0.206768 0.270028
v -2.618345 -0.224663 0.315575
v -2.572317 -0.252002 0.298229
v -2.590515 -0.206768 0.270028
v -2.646784 -0.207749 0.270028
v -2.618345 -0.224663 0.315575
v -2.590515 -0.206768 0.270028
v -2.618345 -0.224663 0.224546
v -2.646784 -0.207749 0.270028
v -2.590515 -0.206768 0.270028
v -2.572317 -0.252002 0.241890
v -2.618345 -0.224663 0.224546
v -2.590515 -0.206768 0.270028
v -2.572317 -0.252002 0.298229
v -2.572317 -0.252002 0.241890
v -2.618345 -0.224663 0.315575
v -2.617364 -0.280933 0.315575
v -2.572317 -0.252002 0.298229
v -2.646784 -0.207749 0.270028
v -2.663395 -0.253591 0.298229
v -2.618345 -0.224663 0.315575
v -2.618345 -0.224663 0.224546
v -2.663395 -0.253591 0.241890
v -2.646784 -0.207749 0.270028
v -2.572317 -0.252002 0.241890
v -2.617364 -0.280933 0.224546
v -2.618345 -0.224663 0.224546
v -2.572317 -0.252002 0.298229
v -2.588925 -0.297844 0.270028
v -2.572317 -0.252002 0.241890
v -1.838946 0.031994 0.476545
v -2.072972 0.051184 0.471740
v -1.836277 0.064926 0.419394
v -1.836277 0.064926 0.419394
v -2.072972 0.051184 0.471740
v -2.070665 0.079804 0.422077
v -1.836277 0.064926 0.419394
v -2.070665 0.079804 0.422077
v -1.833309 0.130872 0.419394
v -1.833309 0.130872 0.419394
v -2.070665 0.079804 0.422077
v -2.068109 0.137132 0.422077
v -1.833309 0.130872 0.419394
v -2.068109 0.137132 0.422077
v -1.833010 0.163888 0.476545
v -1.833010 0.163888 0.476545
v -2.068109 0.137132 0.422077
v -2.067798 0.165842 0.471740
v -1.833010 0.163888 0.476545
v -2.067798 0.165842 0.471740
v -1.835682 0.130957 0.533696
v -1.835682 0.130957 0.533696
v -2.067798 0.165842 0.471740
v -2.070107 0.137222 0.521466
v -1.835682 0.130957 0.533696
v -2.070107 0.137222 0.521466
v -1.838650 0.065009 0.533696
v -1.838650 0.065009 0.533696
v -2.070107 0.137222 0.521466
v -2.072724 0.079892 0.521466
v -1.838650 0.065009 0.533696
v -2.072724 0.079892 0.521466
v -1.838946 0.031994 0.476545
v -1.838946 0.031994 0.476545
v -2.072724 0.079892 0.521466
v -2.072972 0.051184 0.471740
v -1.882899 0.018996 0.476545
v -1.835136 0.049657 0.554658
v -1.914081 0.096578 0.524835
v -1.882899 0.018996 0.476545
v -1.786331 0.020682 0.476545
v -1.835136 0.049657 0.554658
v -1.882899 0.018996 0.476545
v -1.835136 0.049657 0.398429
v -1.786331 0.020682 0.476545
v -1.882899 0.018996 0.476545
v -1.914081 0.096578 0.428254
v -1.835136 0.049657 0.398429
v -1.882899 0.018996 0.476545
v -1.914081 0.096578 0.524835
v -1.914081 0.096578 0.428254
v -1.786331 0.020682 0.476545
v -1.757877 0.099304 0.524835
v -1.835136 0.049657 0.554658
v -1.835136 0.049657 0.554658
v -1.836821 0.146225 0.554658
v -1.914081 0.096578 0.524835
v -1.914081 0.096578 0.524835
v -1.885625 0.175200 0.476545
v -1.914081 0.096578 0.428254
v -1.914081 0.096578 0.428254
v -1.836821 0.146225 0.398429
v -1.835136 0.049657 0.398429
v -1.835136 0.049657 0.398429
v -1.757877 0.099304 0.428254
v -1.786331 0.020682 0.476545
v -1.789057 0.176885 0.476545
v -1.836821 0.146225 0.554658
v -1.757877 0.099304 0.524835
v -1.789057 0.176885 0.476545
v -1.885625 0.175200 0.476545
v -1.836821 0.146225 0.554658
v -1.789057 0.176885 0.476545
v -1.836821 0.146225 0.398429
v -1.885625 0.175200 0.476545
v -1.789057 0.176885 0.476545
v -1.757877 0.099304 0.428254
v -1.836821 0.146225 0.398429
v -1.789057 0.176885 0.476545
v -1.757877 0.099304 0.524835
v -1.757877 0.099304 0.428254
v -1.836821 0.146225 0.554658
v -1.835136 0.049657 0.554658
v -1.757877 0.099304 0.524835
v -1.885625 0.175200 0.476545
v -1.914081 0.096578 0.524835
v -1.836821 0.146225 0.554658
v -1.836821 0.146225 0.398429
v -1.914081 0.096578 0.428254
v -1.885625 0.175200 0.476545
v -1.757877 0.099304 0.428254
v -1.835136 0.049657 0.398429
v -1.836821 0.146225 0.398429
v -1.757877 0.099304 0.524835
v -1.786331 0.020682 0.476545
v -1.757877 0.099304 0.428254
v -2.072972 0.051184 0.471740
v -2.253398 0.066817 0.436179
v -2.062108 0.079391 0.423013
v -2.062108 0.079391 0.423013
v -2.253398 0.066817 0.436179
v -2.243966 0.091381 0.393752
v -2.062108 0.079391 0.423013
v -2.243966 0.091381 0.393752
v -2.059491 0.136783 0.423013
v -2.059491 0.136783 0.423013
v -2.243966 0.091381 0.393752
v -2.241716 0.141215 0.393752
v -2.059491 0.136783 0.423013
v -2.241716 0.141215 0.393752
v -2.067798 0.165842 0.471740
v -2.067798 0.165842 0.471740
v -2.241716 0.141215 0.393752
v -2.248896 0.166550 0.436179
v -2.067798 0.165842 0.471740
v -2.248896 0.166550 0.436179
v -2.078662 0.137635 0.520530
v -2.078662 0.137635 0.520530
v -2.248896 0.166550 0.436179
v -2.258391 0.141986 0.478604
v -2.078662 0.137635 0.520530
v -2.258391 0.141986 0.478604
v -2.081280 0.080305 0.520530
v -2.081280 0.080305 0.520530
v -2.258391 0.141986 0.478604
v -2.260640 0.092089 0.478604
v -2.081280 0.080305 0.520530
v -2.260640 0.092089 0.478604
v -2.072972 0.051184 0.471740
v -2.072972 0.051184 0.471740
v -2.260640 0.092089 0.478604
v -2.253398 0.066817 0.436179
v -2.111213 0.039846 0.471740
v -2.069683 0.066530 0.539683
v -2.138289 0.107328 0.513729
v -2.111213 0.039846 0.471740
v -2.027249 0.041311 0.471740
v -2.069683 0.066530 0.539683
v -2.111213 0.039846 0.471740
v -2.069683 0.066530 0.403797
v -2.027249 0.041311 0.471740
v -2.111213 0.039846 0.471740
v -2.138289 0.107328 0.429750
v -2.069683 0.066530 0.403797
v -2.111213 0.039846 0.471740
v -2.138289 0.107328 0.513729
v -2.138289 0.107328 0.429750
v -2.027249 0.041311 0.471740
v -2.002484 0.109698 0.513729
v -2.069683 0.066530 0.539683
v -2.069683 0.066530 0.539683
v -2.071151 0.150496 0.539683
v -2.138289 0.107328 0.513729
v -2.138289 0.107328 0.513729
v -2.113587 0.175715 0.471740
v -2.138289 0.107328 0.429750
v -2.138289 0.107328 0.429750
v -2.071151 0.150496 0.403797
v -2.069683 0.066530 0.403797
v -2.069683 0.066530 0.403797
v -2.002484 0.109698 0.429750
v -2.027249 0.041311 0.471740
v -2.029620 0.177180 0.471740
v -2.071151 0.150496 0.539683
v -2.002484 0.109698 0.513729
v -2.029620 0.177180 0.471740
v -2.113587 0.175715 0.471740
v -2.071151 0.150496 0.539683
v -2.029620 0.177180 0.471740
v -2.071151 0.150496 0.403797
v -2.113587 0.175715 0.471740
v -2.029620 0.177180 0.471740
v -2.002484 0.109698 0.429750
v -2.071151 0.150496 0.403797
v -2.029620 0.177180 0.471740
v -2.002484 0.109698 0.513729
v -2.002484 0.109698 0.429750
v -2.071151 0.150496 0.539683
v -2.069683 0.066530 0.539683
v -2.002484 0.109698 0.513729
v -2.113587 0.175715 0.471740
v -2.138289 0.107328 0.513729
v -2.071151 0.150496 0.539683
v -2.071151 0.150496 0.403797
v -2.138289 0.107328 0.429750
v -2.113587 0.175715 0.471740
v -2.002484 0.109698 0.429750
v -2.069683 0.066530 0.403797
v -2.071151 0.150496 0.403797
v -2.002484 0.109698 0.513729
v -2.027249 0.041311 0.471740
v -2.002484 0.109698 0.429750
v -2.253448 0.066193 0.436179
v -2.381587 0.078558 0.381585
v -2.235217 0.090659 0.395873
v -2.235217 0.090659 0.395873
v -2.381587 0.078558 0.381585
v -2.365734 0.099863 0.346583
v -2.235217 0.090659 0.395873
v -2.365734 0.099863 0.346583
v -2.232916 0.141120 0.395873
v -2.232916 0.141120 0.395873
v -2.365734 0.099863 0.346583
v -2.363754 0.143703 0.346583
v -2.232916 0.141120 0.395873
v -2.363754 0.143703 0.346583
v -2.248908 0.167111 0.436179
v -2.248908 0.167111 0.436179
v -2.363754 0.143703 0.346583
v -2.377629 0.166362 0.381585
v -2.248908 0.167111 0.436179
v -2.377629 0.166362 0.381585
v -2.267076 0.142645 0.476420
v -2.267076 0.142645 0.476420
v -2.377629 0.166362 0.381585
v -2.393480 0.145057 0.416586
v -2.267076 0.142645 0.476420
v -2.393480 0.145057 0.416586
v -2.269377 0.092184 0.476420
v -2.269377 0.092184 0.476420
v -2.393480 0.145057 0.416586
v -2.395461 0.101217 0.416586
v -2.269377 0.092184 0.476420
v -2.395461 0.101217 0.416586
v -2.253448 0.066193 0.436179
v -2.253448 0.066193 0.436179
v -2.395461 0.101217 0.416586
v -2.381587 0.078558 0.381585
v -2.287033 0.056246 0.436179
v -2.250502 0.079723 0.495949
v -2.310909 0.115610 0.473113
v -2.287033 0.056246 0.436179
v -2.213173 0.057535 0.436179
v -2.250502 0.079723 0.495949
v -2.287033 0.056246 0.436179
v -2.250502 0.079723 0.376407
v -2.213173 0.057535 0.436179
v -2.287033 0.056246 0.436179
v -2.310909 0.115610 0.399242
v -2.250502 0.079723 0.376407
v -2.287033 0.056246 0.436179
v -2.310909 0.115610 0.473113
v -2.310909 0.115610 0.399242
v -2.213173 0.057535 0.436179
v -2.191385 0.117697 0.473113
v -2.250502 0.079723 0.495949
v -2.250502 0.079723 0.495949
v -2.251790 0.153582 0.495949
v -2.310909 0.115610 0.473113
v -2.310909 0.115610 0.473113
v -2.289119 0.175769 0.436179
v -2.310909 0.115610 0.399242
v -2.310909 0.115610 0.399242
v -2.251790 0.153582 0.376407
v -2.250502 0.079723 0.376407
v -2.250502 0.079723 0.376407
v -2.191385 0.117697 0.399242
v -2.213173 0.057535 0.436179
v -2.215260 0.177059 0.436179
v -2.251790 0.153582 0.495949
v -2.191385 0.117697 0.473113
v -2.215260 0.177059 0.436179
v -2.289119 0.175769 0.436179
v -2.251790 0.153582 0.495949
v -2.215260 0.177059 0.436179
v -2.251790 0.153582 0.376407
v -2.289119 0.175769 0.436179
v -2.215260 0.177059 0.436179
v -2.191385 0.117697 0.399242
v -2.251790 0.153582 0.376407
v -2.215260 0.177059 0.436179
v -2.191385 0.117697 0.473113
v -2.191385 0.117697 0.399242
v -2.251790 0.153582 0.495949
v -2.250502 0.079723 0.495949
v -2.191385 0.117697 0.473113
v -2.289119 0.175769 0.436179
v -2.310909 0.115610 0.473113
v -2.251790 0.153582 0.495949
v -2.251790 0.153582 0.376407
v -2.310909 0.115610 0.399242
v -2.289119 0.175769 0.436179
v -2.191385 0.117697 0.399242
v -2.250502 0.079723 0.376407
v -2.251790 0.153582 0.376407
v -2.191385 0.117697 0.473113
v -2.213173 0.057535 0.436179
v -2.191385 0.117697 0.399242
v -2.410464 0.070565 0.381585
v -2.379053 0.090709 0.432934
v -2.431009 0.121563 0.413341
v -2.410464 0.070565 0.381585
v -2.346957 0.071674 0.381585
v -2.379053 0.090709 0.432934
v -2.410464 0.070565 0.381585
v -2.379053 0.090709 0.330174
v -2.346957 0.071674 0.381585
v -2.410464 0.070565 0.381585
v -2.431009 0.121563 0.349827
v -2.379053 0.090709 0.330174
v -2.410464 0.070565 0.381585
v -2.431009 0.121563 0.413341
v -2.431009 0.121563 0.349827
v -2.346957 0.071674 0.381585
v -2.328265 0.123356 0.413341
v -2.379053 0.090709 0.432934
v -2.379053 0.090709 0.432934
v -2.380161 0.154213 0.432934
v -2.431009 0.121563 0.413341
v -2.431009 0.121563 0.413341
v -2.412255 0.173246 0.381585
v -2.431009 0.121563 0.349827
v -2.431009 0.121563 0.349827
v -2.380161 0.154213 0.330174
v -2.379053 0.090709 0.330174
v -2.379053 0.090709 0.330174
v -2.328265 0.123356 0.349827
v -2.346957 0.071674 0.381585
v -2.348750 0.174353 0.381585
v -2.380161 0.154213 0.432934
v -2.328265 0.123356 0.413341
v -2.348750 0.174353 0.381585
v -2.412255 0.173246 0.381585
v -2.380161 0.154213 0.432934
v -2.348750 0.174353 0.381585
v -2.380161 0.154213 0.330174
v -2.412255 0.173246 0.381585
v -2.348750 0.174353 0.381585
v -2.328265 0.123356 0.349827
v -2.380161 0.154213 0.330174
v -2.348750 0.174353 0.381585
v -2.328265 0.123356 0.413341
v -2.328265 0.123356 0.349827
v -2.380161 0.154213 0.432934
v -2.379053 0.090709 0.432934
v -2.328265 0.123356 0.413341
v -2.412255 0.173246 0.381585
v -2.431009 0.121563 0.413341
v -2.380161 0.154213 0.432934
v -2.380161 0.154213 0.330174
v -2.431009 0.121563 0.349827
v -2.412255 0.173246 0.381585
v -2.328265 0.123356 0.349827
v -2.379053 0.090709 0.330174
v -2.380161 0.154213 0.330174
v -2.328265 0.123356 0.413341
v -2.346957 0.071674 0.381585
v -2.328265 0.123356 0.349827
vn -0.5669 -0.5874 0.5775
vn 0.0163 -0.9340 0.3570
vn 0.0163 -0.9340 -0.3570
vn -0.5667 -0.5876 -0.5775
vn -0.9277 -0.3732 -0.0000
vn 0.5873 -0.5672 0.5773
vn -0.3567 -0.0062 0.9342
vn -0.9403 0.3404 -0.0000
vn -0.3562 -0.0062 -0.9344
vn 0.5871 -0.5674 -0.5773
vn 0.5674 0.5871 0.5774
vn -0.0163 0.9340 0.3570
vn -0.0163 0.9340 -0.3570
vn 0.5672 0.5873 -0.5774
vn 0.9278 0.3730 -0.0000
vn 0.3569 0.0062 0.9341
vn -0.5873 0.5670 0.5776
vn -0.5871 0.5672 -0.5776
vn 0.3564 0.0062 -0.9343
vn 0.9402 -0.3406 -0.0000
vn -0.5674 -0.5871 0.5774
vn 0.0163 -0.9340 -0.3569
vn -0.5672 -0.5874 -0.5773
vn -0.9278 -0.3730 -0.0000
vn 0.5873 -0.5670 0.5776
vn -0.3569 -0.0062 0.9341
vn -0.9402 0.3406 -0.0000
vn -0.3564 -0.0062 -0.9343
vn 0.5871 -0.5672 -0.5775
vn 0.5669 0.5874 0.5776
vn 0.5671 0.5874 -0.5774
vn 0.9277 0.3732 -0.0000
vn 0.3567 0.0062 0.9342
vn -0.5873 0.5672 0.5774
vn -0.5871 0.5674 -0.5773
vn 0.3562 0.0062 -0.9344
vn 0.9403 -0.3404 -0.0000
vn -0.5347 -0.5030 0.6790
vn 0.0155 -0.8851 0.4651
vn 0.0155 -0.8853 -0.4649
vn -0.5344 -0.5032 -0.6791
vn -0.9389 -0.3443 -0.0000
vn 0.5518 -0.4844 0.6789
vn -0.2919 -0.0051 0.9564
vn -0.9503 0.3114 -0.0000
vn -0.2923 -0.0051 -0.9563
vn 0.5518 -0.4842 -0.6790
vn 0.5346 0.5032 0.6789
vn -0.0155 0.8852 0.4650
vn -0.0155 0.8853 -0.4648
vn 0.5345 0.5033 -0.6790
vn 0.9388 0.3444 -0.0000
vn 0.2922 0.0051 0.9563
vn -0.5518 0.4842 0.6790
vn -0.5519 0.4844 -0.6788
vn 0.2922 0.0051 -0.9563
vn 0.9503 -0.3113 -0.0000
vn 0.3935 -0.7735 -0.4968
vn 0.1395 0.0589 -0.9885
vn -0.2794 0.8217 -0.4967
vn -0.2793 0.8217 -0.4968
vn -0.4443 0.7521 0.4868
vn -0.4442 0.7524 0.4864
vn -0.1900 -0.0801 0.9785
vn -0.1899 -0.0802 0.9785
vn 0.2290 -0.8430 0.4867
vn 0.2288 -0.8431 0.4867
vn -0.5672 -0.5873 0.5773
vn 0.0163 -0.9342 0.3564
vn 0.0163 -0.9342 -0.3564
vn -0.9279 -0.3729 -0.0000
vn 0.5873 -0.5672 0.5774
vn -0.3570 -0.0062 0.9341
vn -0.9404 0.3401 -0.0000
vn -0.3570 -0.0062 -0.9341
vn 0.5877 -0.5671 -0.5771
vn 0.5673 0.5873 0.5773
vn -0.0163 0.9342 0.3564
vn -0.0163 0.9342 -0.3564
vn 0.5675 0.5872 -0.5772
vn 0.9280 0.3727 -0.0000
vn 0.3573 0.0062 0.9340
vn -0.5876 0.5668 0.5774
vn -0.5876 0.5669 -0.5774
vn 0.3570 0.0062 -0.9341
vn 0.9403 -0.3403 -0.0000
vn 0.4479 -0.7504 -0.4861
vn 0.2535 0.1066 -0.9614
vn 0.2534 0.1068 -0.9614
vn -0.2248 0.8444 -0.4863
vn -0.2253 0.8445 -0.4858
vn -0.5095 0.7242 0.4647
vn -0.5092 0.7246 0.4644
vn -0.5092 0.7246 0.4645
vn -0.3151 -0.1331 0.9397
vn -0.3147 -0.1332 0.9398
vn 0.1634 -0.8703 0.4647
vn -0.5675 -0.5870 -0.5774
vn -0.9277 -0.3733 -0.0000
vn 0.5874 -0.5675 0.5770
vn -0.3563 -0.0062 0.9343
vn -0.9404 0.3400 -0.0000
vn -0.3571 -0.0062 -0.9340
vn 0.5877 -0.5671 -0.5770
vn 0.5669 0.5877 0.5773
vn -0.0163 0.9339 0.3572
vn -0.0163 0.9339 -0.3572
vn 0.5672 0.5873 -0.5773
vn 0.9278 0.3731 -0.0000
vn 0.3563 0.0062 0.9343
vn -0.5870 0.5672 0.5777
vn -0.5873 0.5668 -0.5777
vn 0.3571 0.0062 -0.9340
vn 0.9401 -0.3408 -0.0000
vn 0.5242 -0.7180 -0.4578
vn 0.5244 -0.7179 -0.4578
vn 0.4103 0.1732 -0.8953
vn 0.4104 0.1731 -0.8953
vn -0.1480 0.8765 -0.4581
vn -0.1480 0.8766 -0.4579
vn -0.5930 0.6889 0.4169
vn -0.5929 0.6888 0.4172
vn -0.4787 -0.2023 0.8544
vn -0.4787 -0.2025 0.8543
vn 0.0796 -0.9055 0.4169
vn 0.0797 -0.9055 0.4168
vn -0.5668 -0.5877 0.5773
vn 0.0163 -0.9341 0.3566
vn -0.5668 -0.5874 -0.5777
vn -0.9278 -0.3731 -0.0000
vn 0.5874 -0.5675 0.5769
vn -0.3565 -0.0062 0.9343
vn -0.9402 0.3405 -0.0000
vn -0.3565 -0.0062 -0.9343
vn 0.5874 -0.5672 -0.5773
vn 0.5672 0.5877 0.5769
vn -0.0163 0.9341 0.3566
vn -0.0163 0.9340 -0.3569
vn 0.9278 0.3732 -0.0000
vn -0.5870 0.5676 0.5773
vn -0.5869 0.5672 -0.5777
vn 0.3569 0.0062 -0.9341
vn 0.9402 -0.3405 -0.0000
vn 0.5801 -0.6943 -0.4260
vn 0.5799 -0.6941 -0.4265
vn 0.5242 0.2208 -0.8225
vn 0.5242 0.2211 -0.8224
vn -0.0924 0.8998 -0.4264
vn -0.0922 0.8999 -0.4261
vn -0.6532 0.6632 0.3655
vn -0.6532 0.6632 0.3654
vn -0.5975 -0.2517 0.7614
vn -0.5974 -0.2522 0.7613
vn 0.0192 -0.9307 0.3653
vn 0.0192 -0.9305 0.3657
vn -0.5671 -0.5874 0.5774
vn 0.0163 -0.9339 0.3571
vn 0.0163 -0.9339 -0.3572
vn -0.5669 -0.5875 -0.5775
vn 0.5869 -0.5672 0.5778
vn -0.9403 0.3405 -0.0000
vn -0.3566 -0.0062 -0.9342
vn 0.5869 -0.5673 -0.5777
vn 0.5671 0.5869 0.5779
vn -0.0163 0.9338 -0.3575
vn 0.5671 0.5869 -0.5778
vn 0.9279 0.3727 -0.0000
vn 0.3565 0.0062 0.9343
vn -0.5872 0.5672 0.5775
vn -0.5869 0.5673 -0.5777
vn 0.3565 0.0062 -0.9343
vn 0.9404 -0.3402 -0.0000
vn -0.5672 -0.5876 0.5771
vn 0.0163 -0.9341 0.3565
vn 0.0163 -0.9341 -0.3567
vn -0.5673 -0.5878 -0.5768
vn -0.9278 -0.3732 -0.0000
vn 0.5873 -0.5673 0.5773
vn 0.5874 -0.5673 -0.5772
vn 0.5677 0.5873 0.5769
vn -0.0163 0.9341 0.3565
vn -0.0163 0.9341 -0.3565
vn 0.5677 0.5873 -0.5769
vn -0.5879 0.5671 0.5769
vn -0.5875 0.5672 -0.5772
vn 0.9402 -0.3407 -0.0000
vn 0.1897 -0.8447 -0.5005
vn 0.1898 -0.8448 -0.5003
vn 0.0258 0.0058 -0.9996
vn 0.0258 0.0057 -0.9996
vn -0.1874 0.8456 -0.4998
vn -0.1873 0.8454 -0.5002
vn -0.2362 0.8346 0.4977
vn -0.2362 0.8347 0.4975
vn -0.0722 -0.0161 0.9973
vn 0.1410 -0.8555 0.4983
vn 0.1408 -0.8557 0.4980
vn 0.0163 -0.9339 -0.3571
vn -0.5672 -0.5873 -0.5773
vn -0.9277 -0.3734 -0.0000
vn -0.3571 -0.0062 0.9341
vn -0.9402 0.3408 -0.0000
vn 0.5873 -0.5672 -0.5774
vn 0.5672 0.5873 0.5773
vn -0.0163 0.9339 0.3571
vn -0.0163 0.9339 -0.3571
vn 0.9277 0.3733 -0.0000
vn 0.3571 0.0062 0.9341
vn -0.5874 0.5672 0.5773
vn -0.5873 0.5672 -0.5773
vn 0.2513 -0.8309 -0.4965
vn 0.1542 0.0344 -0.9874
vn 0.1542 0.0343 -0.9874
vn -0.1256 0.8590 -0.4963
vn -0.1257 0.8591 -0.4961
vn -0.3084 0.8181 0.4853
vn -0.3085 0.8179 0.4857
vn -0.2117 -0.0472 0.9762
vn -0.2114 -0.0474 0.9762
vn 0.0686 -0.8717 0.4851
vn 0.0684 -0.8717 0.4852
vn -0.5671 -0.5873 0.5775
vn 0.0163 -0.9340 0.3569
vn 0.0163 -0.9340 -0.3568
vn -0.5671 -0.5870 -0.5777
vn 0.5870 -0.5676 0.5773
vn 0.5672 0.5877 0.5770
vn 0.5676 0.5873 -0.5770
vn 0.9277 0.3734 -0.0000
vn -0.5874 0.5672 -0.5774
vn 0.3427 -0.8104 -0.4751
vn 0.3427 -0.8102 -0.4755
vn 0.3411 0.0759 -0.9370
vn 0.3408 0.0765 -0.9370
vn -0.0342 0.8790 -0.4756
vn -0.0342 0.8790 -0.4755
vn -0.4081 0.7957 0.4475
vn -0.4079 0.7958 0.4477
vn -0.4079 0.7958 0.4476
vn -0.4063 -0.0908 0.9092
vn -0.4063 -0.0904 0.9093
vn -0.0309 -0.8937 0.4477
vn -0.0310 -0.8936 0.4477
vn -0.5672 -0.5873 0.5774
vn 0.0163 -0.9341 -0.3566
vn -0.5672 -0.5877 -0.5769
vn -0.3568 -0.0062 0.9341
vn -0.3568 -0.0062 -0.9342
vn 0.5874 -0.5676 -0.5769
vn 0.5672 0.5873 0.5774
vn -0.0163 0.9340 0.3569
vn -0.0163 0.9341 -0.3566
vn 0.5673 0.5877 -0.5769
vn 0.3568 0.0062 0.9341
vn -0.5874 0.5676 -0.5769
vn 0.3568 0.0062 -0.9341
vn 0.4129 -0.7943 -0.4457
vn 0.4124 -0.7945 -0.4457
vn 0.4834 0.1078 -0.8688
vn 0.4834 0.1077 -0.8687
vn 0.0353 0.8944 -0.4458
vn 0.0358 0.8942 -0.4461
vn -0.4835 0.7785 0.4002
vn -0.4829 0.7791 0.3997
vn -0.5541 -0.1236 0.8232
vn -0.5541 -0.1237 0.8232
vn -0.1060 -0.9102 0.4004
vn -0.1060 -0.9102 0.4003
vn -0.5672 -0.5872 0.5775
vn 0.0163 -0.9338 -0.3575
vn -0.5671 -0.5869 -0.5778
vn -0.9281 -0.3724 -0.0000
vn 0.5873 -0.5668 0.5778
vn -0.9404 0.3402 -0.0000
vn 0.5873 -0.5668 -0.5778
vn 0.5672 0.5874 0.5773
vn 0.5672 0.5874 -0.5773
vn 0.9279 0.3728 -0.0000
vn -0.5873 0.5672 -0.5774
vn -0.5669 -0.5876 0.5773
vn -0.5666 -0.5874 -0.5778
vn 0.5872 -0.5673 0.5773
vn -0.3566 -0.0062 0.9342
vn 0.5671 0.5874 0.5774
vn 0.5671 0.5873 -0.5775
vn 0.3566 0.0062 0.9342
vn -0.5872 0.5673 0.5773
vn 0.3567 0.0062 -0.9342
vn 0.3274 -0.8023 -0.4991
vn 0.3275 -0.8023 -0.4990
vn 0.0885 0.0320 -0.9956
vn -0.2609 0.8262 -0.4994
vn -0.2612 0.8264 -0.4988
vn -0.3715 0.7863 0.4936
vn -0.3715 0.7865 0.4934
vn -0.1324 -0.0478 0.9901
vn -0.1324 -0.0477 0.9901
vn 0.2170 -0.8421 0.4937
vn -0.5675 -0.5870 0.5774
vn -0.9280 -0.3727 -0.0000
vn -0.3573 -0.0062 -0.9340
vn 0.3570 0.0062 0.9341
vn 0.3855 -0.7812 -0.4910
vn 0.2094 0.0755 -0.9749
vn 0.2093 0.0758 -0.9749
vn -0.2029 0.8472 -0.4910
vn -0.2031 0.8473 -0.4908
vn -0.4393 0.7618 0.4761
vn -0.2633 -0.0953 0.9600
vn 0.1493 -0.8666 0.4761
vn 0.1491 -0.8665 0.4764
vn -0.5673 -0.5872 0.5774
vn -0.9280 -0.3726 -0.0000
vn 0.5877 -0.5671 0.5770
vn -0.3571 -0.0062 0.9340
vn -0.3563 -0.0062 -0.9343
vn 0.5874 -0.5675 -0.5770
vn 0.5669 0.5877 -0.5773
vn 0.3571 0.0062 0.9340
vn -0.5873 0.5669 0.5777
vn -0.5870 0.5672 -0.5777
vn 0.3563 0.0062 -0.9343
vn 0.4687 -0.7510 -0.4651
vn 0.4688 -0.7508 -0.4653
vn 0.3797 0.1372 -0.9149
vn 0.3799 0.1369 -0.9148
vn -0.1193 0.8771 -0.4652
vn -0.1194 0.8771 -0.4652
vn -0.5292 0.7292 0.4338
vn -0.5294 0.7290 0.4340
vn -0.4404 -0.1593 0.8836
vn -0.4403 -0.1594 0.8836
vn 0.0588 -0.8990 0.4339
vn 0.0586 -0.8989 0.4342
vn -0.5671 -0.5870 0.5778
vn -0.5672 -0.5873 -0.5774
vn -0.9279 -0.3728 -0.0000
vn 0.5877 -0.5667 0.5774
vn 0.5877 -0.5668 -0.5774
vn -0.5869 0.5673 0.5777
vn 0.5308 -0.7279 -0.4340
vn 0.5306 -0.7281 -0.4339
vn 0.5063 0.1829 -0.8427
vn 0.5061 0.1832 -0.8428
vn -0.0575 0.8994 -0.4334
vn -0.0573 0.8993 -0.4337
vn -0.5957 0.7050 0.3847
vn -0.5959 0.7048 0.3850
vn -0.5712 -0.2064 0.7945
vn -0.5712 -0.2064 0.7944
vn -0.0080 -0.9227 0.3854
vn -0.0081 -0.9227 0.3854
vn -0.5672 -0.5874 0.5773
vn -0.5668 -0.5878 -0.5773
vn 0.5869 -0.5673 0.5778
vn -0.9402 0.3407 -0.0000
vn -0.3571 -0.0062 -0.9341
vn 0.5873 -0.5672 -0.5773
vn 0.5672 0.5871 0.5776
vn 0.5676 0.5869 -0.5774
vn 0.9279 0.3729 -0.0000
vn -0.5872 0.5672 0.5774
vn -0.5671 -0.5868 0.5779
vn 0.0163 -0.9338 0.3574
vn -0.3566 -0.0062 0.9343
vn -0.9403 0.3402 -0.0000
vn -0.3563 -0.0062 -0.9344
vn 0.5868 -0.5673 -0.5778
vn 0.5671 0.5873 0.5775
vn -0.0163 0.9338 0.3574
vn 0.5669 0.5873 -0.5776
vn -0.5872 0.5667 0.5779
vn 0.3566 0.0062 -0.9342
vn 0.2729 -0.8221 -0.4997
vn 0.2729 -0.8221 -0.4996
vn 0.0637 0.0194 -0.9978
vn 0.0637 0.0193 -0.9978
vn -0.2303 0.8351 -0.4995
vn -0.2304 0.8352 -0.4995
vn -0.3151 0.8091 0.4960
vn -0.3150 0.8094 0.4956
vn -0.1059 -0.0322 0.9939
vn -0.1063 -0.0322 0.9938
vn 0.1882 -0.8479 0.4956
vn 0.1880 -0.8478 0.4959
vn -0.5669 -0.5877 0.5773
vn -0.5668 -0.5874 -0.5776
vn 0.5871 -0.5675 0.5773
vn -0.3564 -0.0062 0.9343
vn 0.5870 -0.5672 -0.5776
vn 0.5668 0.5874 -0.5776
vn 0.3564 0.0062 0.9343
vn -0.5871 0.5675 0.5773
vn -0.5870 0.5672 -0.5776
vn 0.3330 -0.8036 -0.4933
vn 0.3330 -0.8037 -0.4931
vn 0.1887 0.0573 -0.9804
vn 0.1886 0.0574 -0.9804
vn -0.1703 0.8532 -0.4931
vn -0.1701 0.8531 -0.4933
vn -0.3846 0.7882 0.4804
vn -0.3848 0.7878 0.4809
vn -0.2405 -0.0731 0.9679
vn -0.2404 -0.0728 0.9679
vn 0.1184 -0.8688 0.4807
vn 0.1184 -0.8689 0.4806
vn 0.0163 -0.9339 0.3572
vn -0.5669 -0.5877 -0.5773
vn 0.5873 -0.5669 0.5777
vn 0.5872 -0.5672 -0.5775
vn 0.5675 0.5870 0.5774
vn -0.0163 0.9341 -0.3567
vn -0.5877 0.5671 0.5770
vn -0.5874 0.5675 -0.5770
vn 0.9404 -0.3400 -0.0000
vn 0.4201 -0.7770 -0.4688
vn 0.4201 -0.7773 -0.4684
vn 0.3663 0.1115 -0.9238
vn 0.3665 0.1113 -0.9238
vn -0.0825 0.8794 -0.4689
vn -0.0831 0.8796 -0.4684
vn -0.4786 0.7593 0.4410
vn -0.4787 0.7591 0.4411
vn -0.4251 -0.1292 0.8959
vn 0.0245 -0.8973 0.4408
vn 0.0244 -0.8972 0.4409
vn -0.5676 -0.5873 0.5770
vn 0.0163 -0.9342 0.3565
vn 0.0163 -0.9342 -0.3563
vn -0.5676 -0.5873 -0.5770
vn 0.5875 -0.5672 0.5772
vn -0.3568 -0.0062 0.9342
vn 0.5878 -0.5671 -0.5770
vn 0.4855 -0.7571 -0.4371
vn 0.4855 -0.7569 -0.4375
vn 0.5000 0.1520 -0.8525
vn 0.5001 0.1520 -0.8525
vn -0.0175 0.8992 -0.4372
vn -0.0169 0.8990 -0.4376
vn -0.5488 0.7379 0.3928
vn -0.5486 0.7379 0.3931
vn -0.5631 -0.1706 0.8086
vn -0.5631 -0.1712 0.8085
vn -0.0459 -0.9184 0.3930
vn -0.0458 -0.9184 0.3929
vn 0.0163 -0.9341 -0.3565
vn -0.0163 0.9340 0.3568
vn -0.5873 0.5672 0.5773
vn -0.5670 -0.5875 0.5773
vn 0.5869 -0.5678 0.5773
vn 0.5669 0.5876 0.5773
vn 0.5670 0.5873 -0.5775
vn -0.5872 0.5674 0.5773
vn -0.0605 -0.8636 -0.5005
vn -0.0606 -0.8636 -0.5005
vn -0.0114 0.0005 -0.9999
vn 0.0174 0.8657 -0.5002
vn 0.0174 0.8656 -0.5005
vn -0.0030 0.8665 0.4992
vn -0.0029 0.8667 0.4987
vn -0.0520 0.0023 0.9986
vn -0.0520 0.0024 0.9986
vn -0.0809 -0.8629 0.4989
vn -0.0810 -0.8630 0.4986
vn 0.0163 -0.9341 0.3567
vn -0.9403 0.3403 -0.0000
vn -0.0163 0.9341 0.3567
vn 0.0228 -0.8674 -0.4971
vn 0.1584 -0.0072 -0.9873
vn 0.1584 -0.0072 -0.9874
vn 0.1007 0.8620 -0.4969
vn 0.1008 0.8619 -0.4970
vn -0.0915 0.8708 0.4831
vn -0.0917 0.8705 0.4835
vn -0.2269 0.0104 0.9739
vn -0.2270 0.0102 0.9738
vn -0.1695 -0.8587 0.4837
vn -0.1697 -0.8590 0.4831
vn 0.3568 0.0062 0.9342
vn -0.5876 0.5668 -0.5774
vn 0.3568 0.0062 -0.9342
vn 0.1185 -0.8717 -0.4755
vn 0.1185 -0.8715 -0.4758
vn 0.3523 -0.0161 -0.9358
vn 0.3522 -0.0159 -0.9358
vn 0.1963 0.8574 -0.4757
vn 0.1966 0.8573 -0.4759
vn -0.1936 0.8747 0.4444
vn -0.1936 0.8749 0.4440
vn -0.4275 0.0195 0.9038
vn -0.4275 0.0193 0.9038
vn -0.2718 -0.8539 0.4439
vn -0.2714 -0.8540 0.4438
vn 0.5874 -0.5672 0.5774
vn 0.0163 -0.9343 -0.3561
vn -0.5673 -0.5878 -0.5769
vn -0.3561 -0.0062 0.9344
vn 0.5878 -0.5671 -0.5769
vn -0.0163 0.9343 -0.3561
vn -0.5872 0.5673 0.5774
vn -0.5874 0.5673 -0.5772
vn 0.9404 -0.3401 -0.0000
s 1
f 1//1 2//1 3//1
f 4//2 5//2 6//2
f 7//3 8//3 9//3
f 10//4 11//4 12//4
f 13//5 14//5 15//5
f 16//6 17//6 18//6
f 19//7 20//7 21//7
f 22//8 23//8 24//8
f 25//9 26//9 27//9
f 28//10 29//10 30//10
f 31//11 32//11 33//11
f 34//12 35//12 36//12
f 37//13 38//13 39//13
f 40//14 41//14 42//14
f 43//15 44//15 45//15
f 46//16 47//16 48//16
f 49//17 50//17 51//17
f 52//18 53//18 54//18
f 55//19 56//19 57//19
f 58//20 59//20 60//20
f 61//21 62//21 63//21
f 64//2 65//2 66//2
f 67//22 68//22 69//22
f 70//23 71//23 72//23
f 73//24 74//24 75//24
f 76//25 77//25 78//25
f 79//26 80//26 81//26
f 82//27 83//27 84//27
f 85//28 86//28 87//28
f 88//29 89//29 90//29
f 91//30 92//30 93//30
f 94//12 95//12 96//12
f 97//13 98//13 99//13
f 100//31 101//31 102//31
f 103//32 104//32 105//32
f 106//33 107//33 108//33
f 109//34 110//34 111//34
f 112//35 113//35 114//35
f 115//36 116//36 117//36
f 118//37 119//37 120//37
f 121//38 122//38 123//38
f 124//39 125//39 126//39
f 127//40 128//40 129//40
f 130//41 131//41 132//41
f 133//42 134//42 135//42
f 136//43 137//43 138//43
f 139//44 140//44 141//44
f 142//45 143//45 144//45
f 145//46 146//46 147//46
f 148//47 149//47 150//47
f 151//48 152//48 153//48
f 154//49 155//49 156//49
f 157//50 158//50 159//50
f 160//51 161//51 162//51
f 163//52 164//52 165//52
f 166//53 167//53 168//53
f 169//54 170//54 171//54
f 172//55 173//55 174//55
f 175//56 176//56 177//56
f 178//57 179//57 180//57
f 181//58 182//58 183//58
f 184//58 185//58 186//58
f 187//59 188//59 189//59
f 190//59 191//59 192//59
f 193//60 194//60 195//60
f 196//61 197//61 198//61
f 199//62 200//62 201//62
f 202//63 203//63 204//63
f 205//64 206//64 207//64
f 208//65 209//65 210//65
f 211//66 212//66 213//66
f 214//67 215//67 216//67
f 217//68 218//68 219//68
f 220//69 221//69 222//69
f 223//70 224//70 225//70
f 226//23 227//23 228//23
f 229//71 230//71 231//71
f 232//72 233//72 234//72
f 235//73 236//73 237//73
f 238//74 239//74 240//74
f 241//75 242//75 243//75
f 244//76 245//76 246//76
f 247//77 248//77 249//77
f 250//78 251//78 252//78
f 253//79 254//79 255//79
f 256//80 257//80 258//80
f 259//81 260//81 261//81
f 262//82 263//82 264//82
f 265//83 266//83 267//83
f 268//84 269//84 270//84
f 271//85 272//85 273//85
f 274//86 275//86 276//86
f 277//87 278//87 279//87
f 280//87 281//87 282//87
f 283//88 284//88 285//88
f 286//89 287//89 288//89
f 289//90 290//90 291//90
f 292//91 293//91 294//91
f 295//92 296//92 297//92
f 298//93 299//94 300//93
f 301//95 302//95 303//95
f 304//96 305//96 306//96
f 307//97 308//97 309//97
f 310//97 311//97 312//97
f 313//68 314//68 315//68
f 316//69 317//69 318//69
f 319//70 320//70 321//70
f 322//98 323//98 324//98
f 325//99 326//99 327//99
f 328//100 329//100 330//100
f 331//101 332//101 333//101
f 334//102 335//102 336//102
f 337//103 338//103 339//103
f 340//104 341//104 342//104
f 343//105 344//105 345//105
f 346//106 347//106 348//106
f 349//107 350//107 351//107
f 352//108 353//108 354//108
f 355//109 356//109 357//109
f 358//110 359//110 360//110
f 361//111 362//111 363//111
f 364//112 365//112 366//112
f 367//113 368//113 369//113
f 370//114 371//114 372//114
f 373//115 374//115 375//115
f 376//116 377//116 378//116
f 379//117 380//117 381//117
f 382//118 383//118 384//118
f 385//119 386//119 387//119
f 388//120 389//120 390//120
f 391//121 392//121 393//121
f 394//122 395//122 396//122
f 397//123 398//123 399//123
f 400//124 401//124 402//124
f 403//125 404//125 405//125
f 406//126 407//126 408//126
f 409//127 410//127 411//127
f 412//128 413//128 414//128
f 415//22 416//22 417//22
f 418//129 419//129 420//129
f 421//130 422//130 423//130
f 424//131 425//131 426//131
f 427//132 428//132 429//132
f 430//133 431//133 432//133
f 433//134 434//134 435//134
f 436//135 437//135 438//135
f 439//136 440//136 441//136
f 442//137 443//137 444//137
f 445//138 446//138 447//138
f 448//14 449//14 450//14
f 451//139 452//139 453//139
f 454//16 455//16 456//16
f 457//140 458//140 459//140
f 460//141 461//141 462//141
f 463//142 464//142 465//142
f 466//143 467//143 468//143
f 469//144 470//144 471//144
f 472//145 473//145 474//145
f 475//146 476//146 477//146
f 478//147 479//147 480//147
f 481//148 482//148 483//148
f 484//149 485//149 486//149
f 487//150 488//150 489//150
f 490//151 491//151 492//151
f 493//152 494//152 495//152
f 496//153 497//153 498//153
f 499//154 500//154 501//154
f 502//155 503//155 504//155
f 505//156 506//156 507//156
f 508//157 509//157 510//157
f 511//158 512//158 513//158
f 514//159 515//159 516//159
f 517//99 518//99 519//99
f 520//160 521//160 522//160
f 523//7 524//7 525//7
f 526//161 527//161 528//161
f 529//162 530//162 531//162
f 532//163 533//163 534//163
f 535//164 536//164 537//164
f 538//106 539//106 540//106
f 541//165 542//165 543//165
f 544//166 545//166 546//166
f 547//167 548//167 549//167
f 550//168 551//168 552//168
f 553//169 554//169 555//169
f 556//170 557//170 558//170
f 559//171 560//171 561//171
f 562//172 563//172 564//172
f 565//173 566//173 567//173
f 568//174 569//174 570//174
f 571//175 572//175 573//175
f 574//176 575//176 576//176
f 577//177 578//177 579//177
f 580//178 581//178 582//178
f 583//73 584//73 585//73
f 586//27 587//27 588//27
f 589//75 590//75 591//75
f 592//179 593//179 594//179
f 595//180 596//180 597//180
f 598//181 599//181 600//181
f 601//182 602//182 603//182
f 604//183 605//183 606//183
f 607//32 608//32 609//32
f 610//16 611//16 612//16
f 613//184 614//184 615//184
f 616//185 617//185 618//185
f 619//142 620//142 621//142
f 622//186 623//186 624//186
f 625//187 626//187 627//187
f 628//188 629//188 630//188
f 631//189 632//189 633//189
f 634//190 635//190 636//190
f 637//191 638//191 639//191
f 640//192 641//192 642//192
f 643//193 644//193 645//193
f 646//194 647//194 648//194
f 649//195 650//195 651//195
f 652//195 653//195 654//195
f 655//196 656//196 657//196
f 658//197 659//197 660//197
f 661//68 662//68 663//68
f 664//157 665//157 666//157
f 667//198 668//198 669//198
f 670//199 671//199 672//199
f 673//200 674//200 675//200
f 676//72 677//72 678//72
f 679//201 680//201 681//201
f 682//202 683//202 684//202
f 685//75 686//75 687//75
f 688//203 689//203 690//203
f 691//204 692//204 693//204
f 694//205 695//205 696//205
f 697//206 698//206 699//206
f 700//14 701//14 702//14
f 703//207 704//207 705//207
f 706//208 707//208 708//208
f 709//209 710//209 711//209
f 712//210 713//210 714//210
f 715//85 716//85 717//85
f 718//186 719//186 720//186
f 721//211 722//211 723//211
f 724//211 725//211 726//211
f 727//212 728//212 729//212
f 730//213 731//213 732//213
f 733//214 734//214 735//214
f 736//215 737//215 738//215
f 739//216 740//216 741//216
f 742//217 743//217 744//217
f 745//218 746//218 747//218
f 748//219 749//219 750//219
f 751//220 752//220 753//220
f 754//221 755//221 756//221
f 757//222 758//222 759//222
f 760//223 761//223 762//223
f 763//224 764//224 765//224
f 766//225 767//225 768//225
f 769//24 770//24 771//24
f 772//226 773//226 774//226
f 775//101 776//101 777//101
f 778//161 779//161 780//161
f 781//103 782//103 783//103
f 784//203 785//203 786//203
f 787//227 788//227 789//227
f 790//78 791//78 792//78
f 793//79 794//79 795//79
f 796//228 797//228 798//228
f 799//229 800//229 801//229
f 802//110 803//110 804//110
f 805//34 806//34 807//34
f 808//230 809//230 810//230
f 811//113 812//113 813//113
f 814//114 815//114 816//114
f 817//231 818//231 819//231
f 820//232 821//232 822//232
f 823//233 824//233 825//233
f 826//234 827//234 828//234
f 829//235 830//235 831//235
f 832//236 833//236 834//236
f 835//237 836//237 837//237
f 838//238 839//238 840//239
f 841//240 842//240 843//240
f 844//241 845//241 846//241
f 847//242 848//242 849//242
f 850//243 851//243 852//243
f 853//244 854//244 855//244
f 856//223 857//223 858//223
f 859//245 860//245 861//245
f 862//246 863//246 864//246
f 865//177 866//177 867//177
f 868//72 869//72 870//72
f 871//247 872//247 873//247
f 874//133 875//133 876//133
f 877//248 878//248 879//248
f 880//249 881//249 882//249
f 883//250 884//250 885//250
f 886//251 887//251 888//251
f 889//252 890//252 891//252
f 892//253 893//253 894//253
f 895//109 896//109 897//109
f 898//254 899//254 900//254
f 901//34 902//34 903//34
f 904//255 905//255 906//255
f 907//256 908//256 909//256
f 910//143 911//143 912//143
f 913//257 914//257 915//257
f 916//258 917//258 918//258
f 919//259 920//259 921//259
f 922//260 923//260 924//260
f 925//261 926//261 927//261
f 928//262 929//262 930//262
f 931//263 932//263 933//263
f 934//264 935//264 936//264
f 937//265 938//265 939//265
f 940//266 941//266 942//266
f 943//267 944//267 945//267
f 946//268 947//268 948//268
f 949//269 950//269 951//269
f 952//157 953//157 954//157
f 955//270 956//270 957//270
f 958//271 959//271 960//271
f 961//272 962//272 963//272
f 964//273 965//273 966//273
f 967//132 968//132 969//132
f 970//274 971//274 972//274
f 973//134 974//134 975//134
f 976//275 977//275 978//275
f 979//276 980//276 981//276
f 982//181 983//181 984//181
f 985//182 986//182 987//182
f 988//277 989//277 990//277
f 991//278 992//278 993//278
f 994//168 995//168 996//168
f 997//34 998//34 999//34
f 1000//279 1001//279 1002//279
f 1003//171 1004//171 1005//171
f 1006//86 1007//86 1008//86
f 1009//280 1010//280 1011//280
f 1012//2 1013//2 1014//2
f 1015//270 1016//270 1017//270
f 1018//281 1019//281 1020//281
f 1021//5 1022//5 1023//5
f 1024//282 1025//178 1026//178
f 1027//283 1028//283 1029//283
f 1030//27 1031//27 1032//27
f 1033//162 1034//162 1035//162
f 1036//203 1037//203 1038//203
f 1039//284 1040//284 1041//284
f 1042//12 1043//12 1044//12
f 1045//165 1046//165 1047//165
f 1048//285 1049//285 1050//285
f 1051//207 1052//207 1053//207
f 1054//286 1055//286 1056//286
f 1057//287 1058//287 1059//287
f 1060//18 1061//18 1062//18
f 1063//288 1064//288 1065//288
f 1066//186 1067//186 1068//186
f 1069//289 1070//289 1071//289
f 1072//290 1073//290 1074//290
f 1075//291 1076//291 1077//291
f 1078//291 1079//291 1080//291
f 1081//292 1082//292 1083//292
f 1084//293 1085//293 1086//293
f 1087//294 1088//294 1089//294
f 1090//295 1091//295 1092//295
f 1093//296 1094//296 1095//296
f 1096//297 1097//297 1098//297
f 1099//298 1100//298 1101//298
f 1102//298 1103//298 1104//298
f 1105//299 1106//299 1107//299
f 1108//157 1109//157 1110//157
f 1111//198 1112//198 1113//198
f 1114//98 1115//98 1116//98
f 1117//300 1118//300 1119//300
f 1120//72 1121//72 1122//72
f 1123//73 1124//73 1125//73
f 1126//74 1127//74 1128//74
f 1129//301 1130//301 1131//301
f 1132//203 1133//203 1134//203
f 1135//250 1136//250 1137//250
f 1138//205 1139//205 1140//205
f 1141//206 1142//206 1143//206
f 1144//14 1145//14 1146//14
f 1147//207 1148//207 1149//207
f 1150//302 1151//302 1152//302
f 1153//83 1154//83 1155//83
f 1156//84 1157//84 1158//84
f 1159//85 1160//85 1161//85
f 1162//186 1163//186 1164//186
f 1165//303 1166//303 1167//303
f 1168//303 1169//303 1170//303
f 1171//304 1172//304 1173//304
f 1174//305 1175//305 1176//305
f 1177//306 1178//306 1179//306
f 1180//307 1181//307 1182//307
f 1183//308 1184//308 1185//308
f 1186//308 1187//308 1188//308
f 1189//309 1190//309 1191//309
f 1192//309 1193//309 1194//309
f 1195//310 1196//310 1197//310
f 1198//311 1199//311 1200//311
f 1201//312 1202//312 1203//312
f 1204//69 1205//69 1206//69
f 1207//70 1208//70 1209//70
f 1210//199 1211//199 1212//199
f 1213//313 1214//313 1215//313
f 1216//314 1217//314 1218//314
f 1219//315 1220//315 1221//315
f 1222//102 1223//102 1224//102
f 1225//316 1226//316 1227//316
f 1228//317 1229//317 1230//317
f 1231//250 1232//250 1233//250
f 1234//106 1235//106 1236//106
f 1237//107 1238//107 1239//107
f 1240//318 1241//318 1242//318
f 1243//229 1244//229 1245//229
f 1246//319 1247//319 1248//319
f 1249//320 1250//320 1251//320
f 1252//321 1253//321 1254//321
f 1255//322 1256//322 1257//322
f 1258//114 1259//114 1260//114
f 1261//323 1262//323 1263//323
f 1264//324 1265//324 1266//324
f 1267//325 1268//325 1269//325
f 1270//326 1271//326 1272//326
f 1273//327 1274//327 1275//327
f 1276//328 1277//328 1278//328
f 1279//329 1280//329 1281//329
f 1282//330 1283//330 1284//330
f 1285//331 1286//331 1287//331
f 1288//332 1289//332 1290//332
f 1291//333 1292//333 1293//333
f 1294//334 1295//334 1296//334
f 1297//335 1298//335 1299//335
f 1300//223 1301//223 1302//223
f 1303//22 1304//22 1305//22
f 1306//336 1307//336 1308//336
f 1309//337 1310//337 1311//337
f 1312//338 1313//338 1314//338
f 1315//132 1316//132 1317//132
f 1318//133 1319//133 1320//133
f 1321//134 1322//134 1323//134
f 1324//339 1325//339 1326//339
f 1327//250 1328//250 1329//250
f 1330//251 1331//251 1332//251
f 1333//138 1334//138 1335//138
f 1336//14 1337//14 1338//14
f 1339//109 1340//109 1341//109
f 1342//16 1343//16 1344//16
f 1345//340 1346//340 1347//340
f 1348//279 1349//279 1350//279
f 1351//256 1352//256 1353//256
f 1354//172 1355//172 1356//172
f 1357//341 1358//341 1359//341
f 1360//342 1361//342 1362//342
f 1363//343 1364//343 1365//343
f 1366//344 1367//344 1368//344
f 1369//345 1370//345 1371//345
f 1372//346 1373//346 1374//346
f 1375//347 1376//347 1377//347
f 1378//348 1379//348 1380//348
f 1381//349 1382//349 1383//349
f 1384//350 1385//350 1386//350
f 1387//351 1388//351 1389//351
f 1390//352 1391//352 1392//352
f 1393//353 1394//244 1395//353
f 1396//2 1397//2 1398//2
f 1399//198 1400//198 1401//198
f 1402//354 1403//354 1404//354
f 1405//5 1406//5 1407//5
f 1408//355 1409//355 1410//355
f 1411//7 1412//7 1413//7
f 1414//356 1415//356 1416//356
f 1417//357 1418//357 1419//357
f 1420//358 1421//358 1422//358
f 1423//359 1424//359 1425//359
f 1426//205 1427//205 1428//205
f 1429//206 1430//206 1431//206
f 1432//360 1433//360 1434//360
f 1435//361 1436//361 1437//361
f 1438//168 1439//168 1440//168
f 1441//362 1442//362 1443//362
f 1444//279 1445//279 1446//279
f 1447//85 1448//85 1449//85
f 1450//172 1451//172 1452//172
f 1453//363 1454//363 1455//363
f 1456//364 1457//364 1458//364
f 1459//3 1460//3 1461//3
f 1462//199 1463//199 1464//199
f 1465//24 1466//24 1467//24
f 1468//72 1469//72 1470//72
f 1471//365 1472//365 1473//365
f 1474//366 1475//366 1476//366
f 1477//367 1478//367 1479//367
f 1480//368 1481//368 1482//368
f 1483//369 1484//369 1485//369
f 1486//370 1487//370 1488//370
f 1489//13 1490//13 1491//13
f 1492//371 1493//371 1494//371
f 1495//15 1496//15 1497//15
f 1498//286 1499//286 1500//286
f 1501//372 1502//372 1503//372
f 1504//210 1505//210 1506//210
f 1507//373 1508//373 1509//373
f 1510//37 1511//37 1512//37
f 1513//374 1514//374 1515//374
f 1516//375 1517//375 1518//375
f 1519//376 1520//376 1521//376
f 1522//377 1523//377 1524//377
f 1525//378 1526//378 1527//378
f 1528//379 1529//379 1530//379
f 1531//380 1532//380 1533//380
f 1534//381 1535//381 1536//381
f 1537//382 1538//382 1539//382
f 1540//383 1541//383 1542//383
f 1543//384 1544//384 1545//384
f 1546//385 1547//385 1548//385
f 1549//386 1550//386 1551//386
f 1552//157 1553//157 1554//157
f 1555//224 1556//224 1557//224
f 1558//387 1559//387 1560//387
f 1561//99 1562//99 1563//99
f 1564//388 1565//388 1566//388
f 1567//389 1568//389 1569//389
f 1570//356 1571//356 1572//356
f 1573//28 1574//28 1575//28
f 1576//390 1577//390 1578//390
f 1579//105 1580//105 1581//105
f 1582//205 1583//205 1584//205
f 1585//138 1586//138 1587//138
f 1588//391 1589//391 1590//391
f 1591//229 1592//229 1593//229
f 1594//392 1595//392 1596//392
f 1597//393 1598//393 1599//393
f 1600//394 1601//394 1602//394
f 1603//19 1604//19 1605//19
f 1606//186 1607//186 1608//186
f 1609//395 1610//395 1611//395
f 1612//396 1613//396 1614//396
f 1615//397 1616//397 1617//397
f 1618//398 1619//398 1620//398
f 1621//399 1622//399 1623//399
f 1624//400 1625//400 1626//400
f 1627//401 1628//401 1629//401
f 1630//402 1631//402 1632//402
f 1633//403 1634//403 1635//403
f 1636//404 1637//404 1638//404
f 1639//405 1640//405 1641//405
f 1642//406 1643//406 1644//406
f 1645//244 1646//244 1647//244
f 1648//407 1649//407 1650//407
f 1651//158 1652//158 1653//158
f 1654//408 1655//408 1656//408
f 1657//200 1658//200 1659//200
f 1660//409 1661//409 1662//409
f 1663//315 1664//315 1665//315
f 1666//8 1667//8 1668//8
f 1669//316 1670//316 1671//316
f 1672//410 1673//410 1674//410
f 1675//411 1676//411 1677//411
f 1678//78 1679//78 1680//78
f 1681//412 1682//412 1683//412
f 1684//14 1685//14 1686//14
f 1687//15 1688//15 1689//15
f 1690//319 1691//319 1692//319
f 1693//413 1694//413 1695//413
f 1696//414 1697//414 1698//414
f 1699//322 1700//322 1701//322
f 1702//415 1703//415 1704//415
f 1705//416 1706//416 1707//416
f 1708//417 1709//417 1710//417
f 1711//418 1712//418 1713//418
f 1714//419 1715//419 1716//419
f 1717//420 1718//420 1719//420
f 1720//421 1721//421 1722//421
f 1723//422 1724//422 1725//422
f 1726//423 1727//423 1728//423
f 1729//424 1730//424 1731//424
f 1732//424 1733//424 1734//424
f 1735//425 1736//425 1737//425
f 1738//426 1739//426 1740//426
f 1741//427 1742//427 1743//427
f 1744//428 1745//428 1746//428
f 1747//429 1748//429 1749//429
f 1750//430 1751//430 1752//430
f 1753//177 1754//177 1755//177
f 1756//431 1757//431 1758//431
f 1759//432 1760//432 1761//432
f 1762//133 1763//133 1764//133
f 1765//248 1766//248 1767//248
f 1768//433 1769//433 1770//433
f 1771//250 1772//250 1773//250
f 1774//251 1775//251 1776//251
f 1777//138 1778//138 1779//138
f 1780//14 1781//14 1782//14
f 1783//109 1784//109 1785//109
f 1786//254 1787//254 1788//254
f 1789//34 1790//34 1791//34
f 1792//279 1793//279 1794//279
f 1795//256 1796//256 1797//256
f 1798//143 1799//143 1800//143
f 1801//434 1802//434 1803//434
f 1804//435 1805//435 1806//435
f 1807//436 1808//436 1809//436
f 1810//437 1811//437 1812//437
f 1813//438 1814//438 1815//438
f 1816//439 1817//439 1818//439
f 1819//440 1820//440 1821//440
f 1822//441 1823//441 1824//441
f 1825//442 1826//442 1827//442
f 1828//443 1829//443 1830//443
f 1831//444 1832//444 1833//444
f 1834//445 1835//445 1836//445
f 1837//244 1838//244 1839//244
f 1840//174 1841//174 1842//174
f 1843//446 1844//446 1845//446
f 1846//199 1847//199 1848//199
f 1849//337 1850//337 1851//337
f 1852//72 1853//72 1854//72
f 1855//132 1856//132 1857//132
f 1858//274 1859//274 1860//274
f 1861//134 1862//134 1863//134
f 1864//135 1865//135 1866//135
f 1867//204 1868//204 1869//204
f 1870//447 1871//447 1872//447
f 1873//182 1874//182 1875//182
f 1876//14 1877//14 1878//14
f 1879//278 1880//278 1881//278
f 1882//168 1883//168 1884//168
f 1885//448 1886//448 1887//448
f 1888//279 1889//279 1890//279
f 1891//171 1892//171 1893//171
f 1894//172 1895//172 1896//172
f 1897//449 1898//449 1899//449
f 1900//2 1901//2 1902//2
f 1903//3 1904//3 1905//3
f 1906//281 1907//281 1908//281
f 1909//99 1910//99 1911//99
f 1912//450 1913//450 1914//450
f 1915//7 1916//7 1917//7
f 1918//356 1919//356 1920//356
f 1921//28 1922//28 1923//28
f 1924//203 1925//203 1926//203
f 1927//451 1928//451 1929//451
f 1930//137 1931//137 1932//137
f 1933//165 1934//165 1935//165
f 1936//452 1937//452 1938//452
f 1939//32 1940//32 1941//32
f 1942//33 1943//33 1944//33
f 1945//453 1946//453 1947//453
f 1948//18 1949//18 1950//18
f 1951//288 1952//288 1953//288
f 1954//20 1955//20 1956//20
f 1957//454 1958//454 1959//454
f 1960//455 1961//455 1962//455
f 1963//456 1964//456 1965//456
f 1966//456 1967//456 1968//456
f 1969//457 1970//457 1971//457
f 1972//458 1973//458 1974//458
f 1975//459 1976//459 1977//459
f 1978//460 1979//460 1980//460
f 1981//461 1982//461 1983//461
f 1984//462 1985//462 1986//462
f 1987//463 1988//463 1989//463
f 1990//464 1991//464 1992//464
f 1993//244 1994//244 1995//244
f 1996//465 1997//465 1998//465
f 1999//175 2000//175 2001//175
f 2002//199 2003//199 2004//199
f 2005//71 2006//71 2007//71
f 2008//72 2009//72 2010//72
f 2011//283 2012//283 2013//283
f 2014//466 2015//466 2016//466
f 2017//162 2018//162 2019//162
f 2020//358 2021//358 2022//358
f 2023//204 2024//204 2025//204
f 2026//467 2027//467 2028//467
f 2029//412 2030//412 2031//412
f 2032//108 2033//108 2034//108
f 2035//361 2036//361 2037//361
f 2038//286 2039//286 2040//286
f 2041//34 2042//34 2043//34
f 2044//210 2045//210 2046//210
f 2047//373 2048//373 2049//373
f 2050//86 2051//86 2052//86
f 2053//468 2054//468 2055//468
f 2056//468 2057//468 2058//468
f 2059//469 2060//469 2061//469
f 2062//470 2063//470 2064//470
f 2065//471 2066//471 2067//471
f 2068//472 2069//472 2070//472
f 2071//473 2072//473 2073//473
f 2074//474 2075//474 2076//474
f 2077//475 2078//475 2079//475
f 2080//476 2081//476 2082//476
f 2083//477 2084//477 2085//477
f 2086//478 2087//478 2088//478
f 2089//299 2090//299 2091//299
f 2092//223 2093//223 2094//223
f 2095//22 2096//22 2097//22
f 2098//98 2099//98 2100//98
f 2101//337 2102//337 2103//337
f 2104//72 2105//72 2106//72
f 2107//201 2108//201 2109//201
f 2110//8 2111//8 2112//8
f 2113//357 2114//357 2115//357
f 2116//203 2117//203 2118//203
f 2119//250 2120//250 2121//250
f 2122//251 2123//251 2124//251
f 2125//138 2126//138 2127//138
f 2128//14 2129//14 2130//14
f 2131//109 2132//109 2133//109
f 2134//479 2135//479 2136//479
f 2137//83 2138//83 2139//83
f 2140//480 2141//480 2142//480
f 2143//481 2144//481 2145//481
f 2146//143 2147//143 2148//143
f 2149//482 2150//482 2151//482
f 2152//483 2153//483 2154//483
f 2155//484 2156//484 2157//484
f 2158//485 2159//485 2160//485
f 2161//486 2162//486 2163//486
f 2164//487 2165//487 2166//487
f 2167//488 2168//488 2169//488
f 2170//489 2171//489 2172//489
f 2173//490 2174//490 2175//490
f 2176//491 2177//491 2178//491
f 2179//492 2180//492 2181//492
f 2182//493 2183//493 2184//493
f 2185//244 2186//244 2187//244
f 2188//223 2189//223 2190//223
f 2191//22 2192//22 2193//22
f 2194//199 2195//199 2196//199
f 2197//130 2198//130 2199//130
f 2200//494 2201//494 2202//494
f 2203//247 2204//247 2205//247
f 2206//133 2207//133 2208//133
f 2209//248 2210//248 2211//248
f 2212//358 2213//358 2214//358
f 2215//204 2216//204 2217//204
f 2218//251 2219//251 2220//251
f 2221//138 2222//138 2223//138
f 2224//277 2225//277 2226//277
f 2227//109 2228//109 2229//109
f 2230//254 2231//254 2232//254
f 2233//34 2234//34 2235//34
f 2236//210 2237//210 2238//210
f 2239//256 2240//256 2241//256
f 2242//143 2243//143 2244//143
f 2245//156 2246//156 2247//156
f 2248//428 2249//428 2250//428
f 2251//495 2252//495 2253//495
f 2254//496 2255//496 2256//496
f 2257//200 2258//200 2259//200
f 2260//72 2261//72 2262//72
f 2263//497 2264//497 2265//497
f 2266//27 2267//27 2268//27
f 2269//75 2270//75 2271//75
f 2272//498 2273//498 2274//498
f 2275//204 2276//204 2277//204
f 2278//78 2279//78 2280//78
f 2281//499 2282//499 2283//499
f 2284//183 2285//183 2286//183
f 2287//167 2288//167 2289//167
f 2290//392 2291//392 2292//392
f 2293//500 2294//500 2295//500
f 2296//501 2297//501 2298//501
f 2299//142 2300//142 2301//142
f 2302//502 2303//502 2304//502
