# Blender 5.2.2 LTS
# www.blender.org
o bras_droit
v -1.610570 -0.208282 -0.099466
v -1.641718 -0.099024 -0.165039
v -1.541649 -0.173605 -0.205592
v -1.610570 -0.208282 -0.099466
v -1.541649 -0.173605 -0.205592
v -1.479861 -0.219722 -0.099466
v -1.610570 -0.208282 -0.099466
v -1.479861 -0.219722 -0.099466
v -1.541649 -0.173605 0.006663
v -1.610570 -0.208282 -0.099466
v -1.541649 -0.173605 0.006663
v -1.641718 -0.099024 -0.033829
v -1.610570 -0.208282 -0.099466
v -1.641718 -0.099024 -0.033829
v -1.641718 -0.099024 -0.165039
v -1.479861 -0.219722 -0.099466
v -1.541649 -0.173605 -0.205592
v -1.430209 -0.117534 -0.165039
v -1.541649 -0.173605 -0.205592
v -1.641718 -0.099024 -0.165039
v -1.530209 -0.042896 -0.205592
v -1.641718 -0.099024 -0.165039
v -1.641718 -0.099024 -0.033829
v -1.592059 0.003227 -0.099466
v -1.641718 -0.099024 -0.033829
v -1.541649 -0.173605 0.006663
v -1.530209 -0.042896 0.006663
v -1.541649 -0.173605 0.006663
v -1.479861 -0.219722 -0.099466
v -1.430209 -0.117534 -0.033829
v -1.461351 -0.008213 -0.099466
v -1.430209 -0.117534 -0.165039
v -1.530209 -0.042896 -0.205592
v -1.461351 -0.008213 -0.099466
v -1.530209 -0.042896 -0.205592
v -1.592059 0.003227 -0.099466
v -1.461351 -0.008213 -0.099466
v -1.592059 0.003227 -0.099466
v -1.530209 -0.042896 0.006663
v -1.461351 -0.008213 -0.099466
v -1.530209 -0.042896 0.006663
v -1.430209 -0.117534 -0.033829
v -1.461351 -0.008213 -0.099466
v -1.430209 -0.117534 -0.033829
v -1.430209 -0.117534 -0.165039
v -1.530209 -0.042896 -0.205592
v -1.430209 -0.117534 -0.165039
v -1.541649 -0.173605 -0.205592
v -1.592059 0.003227 -0.099466
v -1.530209 -0.042896 -0.205592
v -1.641718 -0.099024 -0.165039
v -1.530209 -0.042896 0.006663
v -1.592059 0.003227 -0.099466
v -1.641718 -0.099024 -0.033829
v -1.430209 -0.117534 -0.033829
v -1.530209 -0.042896 0.006663
v -1.541649 -0.173605 0.006663
v -1.430209 -0.117534 -0.165039
v -1.430209 -0.117534 -0.033829
v -1.479861 -0.219722 -0.099466
v -1.673504 -0.325529 -0.149627
v -1.704646 -0.216206 -0.215201
v -1.604645 -0.290846 -0.255757
v -1.673504 -0.325529 -0.149627
v -1.604645 -0.290846 -0.255757
v -1.542796 -0.336968 -0.149627
v -1.673504 -0.325529 -0.149627
v -1.542796 -0.336968 -0.149627
v -1.604645 -0.290846 -0.043501
v -1.673504 -0.325529 -0.149627
v -1.604645 -0.290846 -0.043501
v -1.704646 -0.216206 -0.083993
v -1.673504 -0.325529 -0.149627
v -1.704646 -0.216206 -0.083993
v -1.704646 -0.216206 -0.215201
v -1.542796 -0.336968 -0.149627
v -1.604645 -0.290846 -0.255757
v -1.493137 -0.234719 -0.215201
v -1.604645 -0.290846 -0.255757
v -1.704646 -0.216206 -0.215201
v -1.593206 -0.160135 -0.255757
v -1.704646 -0.216206 -0.215201
v -1.704646 -0.216206 -0.083993
v -1.654994 -0.114018 -0.149627
v -1.704646 -0.216206 -0.083993
v -1.604645 -0.290846 -0.043501
v -1.593206 -0.160135 -0.043501
v -1.604645 -0.290846 -0.043501
v -1.542796 -0.336968 -0.149627
v -1.493137 -0.234719 -0.083993
v -1.524282 -0.125459 -0.149627
v -1.493137 -0.234719 -0.215201
v -1.593206 -0.160135 -0.255757
v -1.524282 -0.125459 -0.149627
v -1.593206 -0.160135 -0.255757
v -1.654994 -0.114018 -0.149627
v -1.524282 -0.125459 -0.149627
v -1.654994 -0.114018 -0.149627
v -1.593206 -0.160135 -0.043501
v -1.524282 -0.125459 -0.149627
v -1.593206 -0.160135 -0.043501
v -1.493137 -0.234719 -0.083993
v -1.524282 -0.125459 -0.149627
v -1.493137 -0.234719 -0.083993
v -1.493137 -0.234719 -0.215201
v -1.593206 -0.160135 -0.255757
v -1.493137 -0.234719 -0.215201
v -1.604645 -0.290846 -0.255757
v -1.654994 -0.114018 -0.149627
v -1.593206 -0.160135 -0.255757
v -1.704646 -0.216206 -0.215201
v -1.593206 -0.160135 -0.043501
v -1.654994 -0.114018 -0.149627
v -1.704646 -0.216206 -0.083993
v -1.493137 -0.234719 -0.083993
v -1.593206 -0.160135 -0.043501
v -1.604645 -0.290846 -0.043501
v -1.493137 -0.234719 -0.215201
v -1.493137 -0.234719 -0.083993
v -1.542796 -0.336968 -0.149627
v -1.654324 -0.299589 -0.084617
v -1.695087 -0.137755 -0.155431
v -1.560879 -0.247328 -0.199230
v -1.654324 -0.299589 -0.084617
v -1.560879 -0.247328 -0.199230
v -1.477869 -0.315033 -0.084617
v -1.654324 -0.299589 -0.084617
v -1.477869 -0.315033 -0.084617
v -1.560879 -0.247328 0.030059
v -1.654324 -0.299589 -0.084617
v -1.560879 -0.247328 0.030059
v -1.695087 -0.137754 -0.013740
v -1.654324 -0.299589 -0.084617
v -1.695087 -0.137754 -0.013740
v -1.695087 -0.137755 -0.155431
v -1.477869 -0.315033 -0.084617
v -1.560879 -0.247328 -0.199230
v -1.409613 -0.162739 -0.155431
v -1.560879 -0.247328 -0.199230
v -1.695087 -0.137755 -0.155431
v -1.543890 -0.053222 -0.199230
v -1.695087 -0.137755 -0.155431
v -1.695087 -0.137754 -0.013740
v -1.626837 0.014477 -0.084617
v -1.695087 -0.137754 -0.013740
v -1.560879 -0.247328 0.030059
v -1.543890 -0.053222 0.030059
v -1.560879 -0.247328 0.030059
v -1.477869 -0.315033 -0.084617
v -1.409613 -0.162739 -0.013740
v -1.450381 -0.000967 -0.084617
v -1.409613 -0.162739 -0.155431
v -1.543890 -0.053222 -0.199230
v -1.450381 -0.000967 -0.084617
v -1.543890 -0.053222 -0.199230
v -1.626837 0.014477 -0.084617
v -1.450381 -0.000967 -0.084617
v -1.626837 0.014477 -0.084617
v -1.543890 -0.053222 0.030059
v -1.450381 -0.000967 -0.084617
v -1.543890 -0.053222 0.030059
v -1.409613 -0.162739 -0.013740
v -1.450381 -0.000967 -0.084617
v -1.409613 -0.162739 -0.013740
v -1.409613 -0.162739 -0.155431
v -1.543890 -0.053222 -0.199230
v -1.409613 -0.162739 -0.155431
v -1.560879 -0.247328 -0.199230
v -1.626837 0.014477 -0.084617
v -1.543890 -0.053222 -0.199230
v -1.695087 -0.137755 -0.155431
v -1.543890 -0.053222 0.030059
v -1.626837 0.014477 -0.084617
v -1.695087 -0.137754 -0.013740
v -1.409613 -0.162739 -0.013740
v -1.543890 -0.053222 0.030059
v -1.560879 -0.247328 0.030059
v -1.409613 -0.162739 -0.155431
v -1.409613 -0.162739 -0.013740
v -1.477869 -0.315033 -0.084617
v -1.556316 -0.341172 -0.049739
v -1.556117 -0.308119 0.004042
v -1.799060 -0.406168 -0.004068
v -1.556117 -0.308119 0.004042
v -1.798923 -0.377432 0.042725
v -1.799060 -0.406168 -0.004068
v -1.556117 -0.308119 0.004042
v -1.574439 -0.247706 0.004042
v -1.798923 -0.377432 0.042725
v -1.574439 -0.247706 0.004042
v -1.814866 -0.324867 0.042725
v -1.798923 -0.377432 0.042725
v -1.574439 -0.247706 0.004042
v -1.592957 -0.220284 -0.049739
v -1.814866 -0.324867 0.042725
v -1.592957 -0.220284 -0.049739
v -1.830947 -0.301102 -0.004068
v -1.814866 -0.324867 0.042725
v -1.592957 -0.220284 -0.049739
v -1.593157 -0.253335 -0.103520
v -1.830947 -0.301102 -0.004068
v -1.593157 -0.253335 -0.103520
v -1.831145 -0.329831 -0.050862
v -1.830947 -0.301102 -0.004068
v -1.593157 -0.253335 -0.103520
v -1.574838 -0.313810 -0.103520
v -1.831145 -0.329831 -0.050862
v -1.574838 -0.313810 -0.103520
v -1.815198 -0.382333 -0.050862
v -1.831145 -0.329831 -0.050862
v -1.574838 -0.313810 -0.103520
v -1.556316 -0.341172 -0.049739
v -1.815198 -0.382333 -0.050862
v -1.556316 -0.341172 -0.049739
v -1.799060 -0.406168 -0.004068
v -1.815198 -0.382333 -0.050862
v -1.627207 -0.351125 -0.049739
v -1.649101 -0.274240 -0.095909
v -1.578664 -0.326752 -0.124484
v -1.627207 -0.351125 -0.049739
v -1.578664 -0.326752 -0.124484
v -1.535158 -0.359182 -0.049739
v -1.627207 -0.351125 -0.049739
v -1.535158 -0.359182 -0.049739
v -1.578664 -0.326752 0.025007
v -1.627207 -0.351125 -0.049739
v -1.578664 -0.326752 0.025007
v -1.649101 -0.274240 -0.003568
v -1.627207 -0.351125 -0.049739
v -1.649101 -0.274240 -0.003568
v -1.649101 -0.274240 -0.095909
v -1.535158 -0.359182 -0.049739
v -1.578664 -0.326752 -0.124484
v -1.500242 -0.287270 -0.095909
v -1.578664 -0.326752 -0.124484
v -1.649101 -0.274240 -0.095909
v -1.570609 -0.234702 -0.124484
v -1.649101 -0.274240 -0.095909
v -1.649101 -0.274240 -0.003568
v -1.614177 -0.202268 -0.049739
v -1.649101 -0.274240 -0.003568
v -1.578664 -0.326752 0.025007
v -1.570609 -0.234702 0.025007
v -1.578664 -0.326752 0.025007
v -1.535158 -0.359182 -0.049739
v -1.500242 -0.287270 -0.003568
v -1.522128 -0.210323 -0.049739
v -1.500242 -0.287270 -0.095909
v -1.570609 -0.234702 -0.124484
v -1.522128 -0.210323 -0.049739
v -1.570609 -0.234702 -0.124484
v -1.614177 -0.202268 -0.049739
v -1.522128 -0.210323 -0.049739
v -1.614177 -0.202268 -0.049739
v -1.570609 -0.234702 0.025007
v -1.522128 -0.210323 -0.049739
v -1.570609 -0.234702 0.025007
v -1.500242 -0.287270 -0.003568
v -1.522128 -0.210323 -0.049739
v -1.500242 -0.287270 -0.003568
v -1.500242 -0.287270 -0.095909
v -1.570609 -0.234702 -0.124484
v -1.500242 -0.287270 -0.095909
v -1.578664 -0.326752 -0.124484
v -1.614177 -0.202268 -0.049739
v -1.570609 -0.234702 -0.124484
v -1.649101 -0.274240 -0.095909
v -1.570609 -0.234702 0.025007
v -1.614177 -0.202268 -0.049739
v -1.649101 -0.274240 -0.003568
v -1.500242 -0.287270 -0.003568
v -1.570609 -0.234702 0.025007
v -1.578664 -0.326752 0.025007
v -1.500242 -0.287270 -0.095909
v -1.500242 -0.287270 -0.003568
v -1.535158 -0.359182 -0.049739
v -1.798670 -0.407454 -0.004068
v -1.792488 -0.376178 0.042288
v -1.965902 -0.450499 0.051960
v -1.792488 -0.376178 0.042288
v -1.960513 -0.423289 0.092201
v -1.965902 -0.450499 0.051960
v -1.792488 -0.376178 0.042288
v -1.808756 -0.322332 0.042288
v -1.960513 -0.423289 0.092201
v -1.808756 -0.322332 0.042288
v -1.974701 -0.376451 0.092201
v -1.960513 -0.423289 0.092201
v -1.808756 -0.322332 0.042288
v -1.831332 -0.299753 -0.004068
v -1.974701 -0.376451 0.092201
v -1.831332 -0.299753 -0.004068
v -1.994283 -0.356889 0.051960
v -1.974701 -0.376451 0.092201
v -1.831332 -0.299753 -0.004068
v -1.837580 -0.331085 -0.050426
v -1.994283 -0.356889 0.051960
v -1.837580 -0.331085 -0.050426
v -1.999730 -0.384030 0.011655
v -1.994283 -0.356889 0.051960
v -1.837580 -0.331085 -0.050426
v -1.821244 -0.384874 -0.050426
v -1.999730 -0.384030 0.011655
v -1.821244 -0.384874 -0.050426
v -1.985539 -0.430868 0.011655
v -1.999730 -0.384030 0.011655
v -1.821244 -0.384874 -0.050426
v -1.798670 -0.407454 -0.004068
v -1.985539 -0.430868 0.011655
v -1.798670 -0.407454 -0.004068
v -1.965902 -0.450499 0.051960
v -1.985539 -0.430868 0.011655
v -1.861826 -0.416330 -0.004068
v -1.881318 -0.347798 -0.045246
v -1.818591 -0.394625 -0.070641
v -1.861826 -0.416330 -0.004068
v -1.818591 -0.394625 -0.070641
v -1.779845 -0.423506 -0.004068
v -1.861826 -0.416330 -0.004068
v -1.779845 -0.423506 -0.004068
v -1.818591 -0.394625 0.062503
v -1.861826 -0.416330 -0.004068
v -1.818591 -0.394625 0.062503
v -1.881318 -0.347798 0.037047
v -1.861826 -0.416330 -0.004068
v -1.881318 -0.347798 0.037047
v -1.881318 -0.347798 -0.045246
v -1.779845 -0.423506 -0.004068
v -1.818591 -0.394625 -0.070641
v -1.748683 -0.359408 -0.045246
v -1.818591 -0.394625 -0.070641
v -1.881318 -0.347798 -0.045246
v -1.811416 -0.312643 -0.070641
v -1.881318 -0.347798 -0.045246
v -1.881318 -0.347798 0.037047
v -1.850217 -0.283694 -0.004068
v -1.881318 -0.347798 0.037047
v -1.818591 -0.394625 0.062503
v -1.811416 -0.312643 0.062503
v -1.818591 -0.394625 0.062503
v -1.779845 -0.423506 -0.004068
v -1.748683 -0.359408 0.037047
v -1.768238 -0.290870 -0.004068
v -1.748683 -0.359408 -0.045246
v -1.811416 -0.312643 -0.070641
v -1.768238 -0.290870 -0.004068
v -1.811416 -0.312643 -0.070641
v -1.850217 -0.283694 -0.004068
v -1.768238 -0.290870 -0.004068
v -1.850217 -0.283694 -0.004068
v -1.811416 -0.312643 0.062503
v -1.768238 -0.290870 -0.004068
v -1.811416 -0.312643 0.062503
v -1.748683 -0.359408 0.037047
v -1.768238 -0.290870 -0.004068
v -1.748683 -0.359408 0.037047
v -1.748683 -0.359408 -0.045246
v -1.811416 -0.312643 -0.070641
v -1.748683 -0.359408 -0.045246
v -1.818591 -0.394625 -0.070641
v -1.850217 -0.283694 -0.004068
v -1.811416 -0.312643 -0.070641
v -1.881318 -0.347798 -0.045246
v -1.811416 -0.312643 0.062503
v -1.850217 -0.283694 -0.004068
v -1.881318 -0.347798 0.037047
v -1.748683 -0.359408 0.037047
v -1.811416 -0.312643 0.062503
v -1.818591 -0.394625 0.062503
v -1.748683 -0.359408 -0.045246
v -1.748683 -0.359408 0.037047
v -1.779845 -0.423506 -0.004068
v -1.965472 -0.452039 0.051960
v -1.952549 -0.421730 0.090267
v -2.079950 -0.479848 0.116845
v -1.952549 -0.421730 0.090267
v -2.068748 -0.453461 0.150163
v -2.079950 -0.479848 0.116845
v -1.952549 -0.421730 0.090267
v -1.967229 -0.373350 0.090267
v -2.068748 -0.453461 0.150163
v -1.967229 -0.373350 0.090267
v -2.081482 -0.411449 0.150163
v -2.068748 -0.453461 0.150163
v -1.967229 -0.373350 0.090267
v -1.994775 -0.355342 0.051960
v -2.081482 -0.411449 0.150163
v -1.994775 -0.355342 0.051960
v -2.105472 -0.395759 0.116845
v -2.081482 -0.411449 0.150163
v -1.994775 -0.355342 0.051960
v -2.007699 -0.385651 0.013650
v -2.105472 -0.395759 0.116845
v -2.007699 -0.385651 0.013650
v -2.116675 -0.422145 0.083528
v -2.105472 -0.395759 0.116845
v -2.007699 -0.385651 0.013650
v -1.993014 -0.433972 0.013650
v -2.116675 -0.422145 0.083528
v -1.993014 -0.433972 0.013650
v -2.103881 -0.464165 0.083528
v -2.116675 -0.422145 0.083528
v -1.993014 -0.433972 0.013650
v -1.965472 -0.452039 0.051960
v -2.103881 -0.464165 0.083528
v -1.965472 -0.452039 0.051960
v -2.079950 -0.479848 0.116845
v -2.103881 -0.464165 0.083528
v -2.022159 -0.459980 0.051960
v -2.039695 -0.398445 0.014960
v -1.983311 -0.440458 -0.007874
v -2.022159 -0.459980 0.051960
v -1.983311 -0.440458 -0.007874
v -1.948508 -0.466426 0.051960
v -2.022159 -0.459980 0.051960
v -1.948508 -0.466426 0.051960
v -1.983311 -0.440458 0.111729
v -2.022159 -0.459980 0.051960
v -1.983311 -0.440458 0.111729
v -2.039695 -0.398445 0.088894
v -2.022159 -0.459980 0.051960
v -2.039695 -0.398445 0.088894
v -2.039695 -0.398445 0.014960
v -1.948508 -0.466426 0.051960
v -1.983311 -0.440458 -0.007874
v -1.920546 -0.408875 0.014960
v -1.983311 -0.440458 -0.007874
v -2.039695 -0.398445 0.014960
v -1.976870 -0.366866 -0.007874
v -2.039695 -0.398445 0.014960
v -2.039695 -0.398445 0.088894
v -2.011736 -0.340894 0.051960
v -2.039695 -0.398445 0.088894
v -1.983311 -0.440458 0.111729
v -1.976870 -0.366866 0.111729
v -1.983311 -0.440458 0.111729
v -1.948508 -0.466426 0.051960
v -1.920546 -0.408875 0.088894
v -1.938084 -0.347339 0.051960
v -1.920546 -0.408875 0.014960
v -1.976870 -0.366866 -0.007874
v -1.938084 -0.347339 0.051960
v -1.976870 -0.366866 -0.007874
v -2.011736 -0.340894 0.051960
v -1.938084 -0.347339 0.051960
v -2.011736 -0.340894 0.051960
v -1.976870 -0.366866 0.111729
v -1.938084 -0.347339 0.051960
v -1.976870 -0.366866 0.111729
v -1.920546 -0.408875 0.088894
v -1.938084 -0.347339 0.051960
v -1.920546 -0.408875 0.088894
v -1.920546 -0.408875 0.014960
v -1.976870 -0.366866 -0.007874
v -1.920546 -0.408875 0.014960
v -1.983311 -0.440458 -0.007874
v -2.011736 -0.340894 0.051960
v -1.976870 -0.366866 -0.007874
v -2.039695 -0.398445 0.014960
v -1.976870 -0.366866 0.111729
v -2.011736 -0.340894 0.051960
v -2.039695 -0.398445 0.088894
v -1.920546 -0.408875 0.088894
v -1.976870 -0.366866 0.111729
v -1.983311 -0.440458 0.111729
v -1.920546 -0.408875 0.014960
v -1.920546 -0.408875 0.088894
v -1.948508 -0.466426 0.051960
v -2.079707 -0.480623 0.116845
v -2.063578 -0.452347 0.147605
v -2.157849 -0.498272 0.178239
v -2.063578 -0.452347 0.147605
v -2.143855 -0.473630 0.205005
v -2.157849 -0.498272 0.178239
v -2.063578 -0.452347 0.147605
v -2.076550 -0.409500 0.147605
v -2.143855 -0.473630 0.205005
v -2.076550 -0.409500 0.147605
v -2.155123 -0.436380 0.205005
v -2.143855 -0.473630 0.205005
v -2.076550 -0.409500 0.147605
v -2.105718 -0.394984 0.116845
v -2.155123 -0.436380 0.205005
v -2.105718 -0.394984 0.116845
v -2.180444 -0.423706 0.178239
v -2.155123 -0.436380 0.205005
v -2.105718 -0.394984 0.116845
v -2.121784 -0.423264 0.086086
v -2.180444 -0.423706 0.178239
v -2.121784 -0.423264 0.086086
v -2.194501 -0.448340 0.151536
v -2.180444 -0.423706 0.178239
v -2.121784 -0.423264 0.086086
v -2.108813 -0.466112 0.086086
v -2.194501 -0.448340 0.151536
v -2.108813 -0.466112 0.086086
v -2.183171 -0.485594 0.151536
v -2.194501 -0.448340 0.151536
v -2.108813 -0.466112 0.086086
v -2.079707 -0.480623 0.116845
v -2.183171 -0.485594 0.151536
v -2.079707 -0.480623 0.116845
v -2.157849 -0.498272 0.178239
v -2.183171 -0.485594 0.151536
v -2.129933 -0.487750 0.116845
v -2.145516 -0.433213 0.084089
v -2.095535 -0.470406 0.063876
v -2.129933 -0.487750 0.116845
v -2.095535 -0.470406 0.063876
v -2.064670 -0.493462 0.116845
v -2.129933 -0.487750 0.116845
v -2.064670 -0.493462 0.116845
v -2.095535 -0.470406 0.169815
v -2.129933 -0.487750 0.116845
v -2.095535 -0.470406 0.169815
v -2.145516 -0.433213 0.149601
v -2.129933 -0.487750 0.116845
v -2.145516 -0.433213 0.149601
v -2.145516 -0.433213 0.084089
v -2.064670 -0.493462 0.116845
v -2.095535 -0.470406 0.063876
v -2.039916 -0.442455 0.084089
v -2.095535 -0.470406 0.063876
v -2.145516 -0.433213 0.084089
v -2.089828 -0.405206 0.063876
v -2.145516 -0.433213 0.084089
v -2.145516 -0.433213 0.149601
v -2.120690 -0.382152 0.116845
v -2.145516 -0.433213 0.149601
v -2.095535 -0.470406 0.169815
v -2.089828 -0.405206 0.169815
v -2.095535 -0.470406 0.169815
v -2.064670 -0.493462 0.116845
v -2.039916 -0.442455 0.149601
v -2.055430 -0.387863 0.116845
v -2.039916 -0.442455 0.084089
v -2.089828 -0.405206 0.063876
v -2.055430 -0.387863 0.116845
v -2.089828 -0.405206 0.063876
v -2.120690 -0.382152 0.116845
v -2.055430 -0.387863 0.116845
v -2.120690 -0.382152 0.116845
v -2.089828 -0.405206 0.169815
v -2.055430 -0.387863 0.116845
v -2.089828 -0.405206 0.169815
v -2.039916 -0.442455 0.149601
v -2.055430 -0.387863 0.116845
v -2.039916 -0.442455 0.149601
v -2.039916 -0.442455 0.084089
v -2.089828 -0.405206 0.063876
v -2.039916 -0.442455 0.084089
v -2.095535 -0.470406 0.063876
v -2.120690 -0.382152 0.116845
v -2.089828 -0.405206 0.063876
v -2.145516 -0.433213 0.084089
v -2.089828 -0.405206 0.169815
v -2.120690 -0.382152 0.116845
v -2.145516 -0.433213 0.149601
v -2.039916 -0.442455 0.149601
v -2.089828 -0.405206 0.169815
v -2.095535 -0.470406 0.169815
v -2.039916 -0.442455 0.084089
v -2.039916 -0.442455 0.149601
v -2.064670 -0.493462 0.116845
v -2.201177 -0.503872 0.178239
v -2.214551 -0.457045 0.150101
v -2.171632 -0.489048 0.132694
v -2.201177 -0.503872 0.178239
v -2.171632 -0.489048 0.132694
v -2.145114 -0.508781 0.178239
v -2.201177 -0.503872 0.178239
v -2.145114 -0.508781 0.178239
v -2.171632 -0.489048 0.223786
v -2.201177 -0.503872 0.178239
v -2.171632 -0.489048 0.223786
v -2.214551 -0.457045 0.206378
v -2.201177 -0.503872 0.178239
v -2.214551 -0.457045 0.206378
v -2.214551 -0.457045 0.150101
v -2.145114 -0.508781 0.178239
v -2.171632 -0.489048 0.132694
v -2.123809 -0.464988 0.150101
v -2.171632 -0.489048 0.132694
v -2.214551 -0.457045 0.150101
v -2.166722 -0.432923 0.132694
v -2.214551 -0.457045 0.150101
v -2.214551 -0.457045 0.206378
v -2.193240 -0.413191 0.178239
v -2.214551 -0.457045 0.206378
v -2.171632 -0.489048 0.223786
v -2.166722 -0.432923 0.223786
v -2.171632 -0.489048 0.223786
v -2.145114 -0.508781 0.178239
v -2.123809 -0.464988 0.206378
v -2.137178 -0.418097 0.178239
v -2.123809 -0.464988 0.150101
v -2.166722 -0.432923 0.132694
v -2.137178 -0.418097 0.178239
v -2.166722 -0.432923 0.132694
v -2.193240 -0.413191 0.178239
v -2.137178 -0.418097 0.178239
v -2.193240 -0.413191 0.178239
v -2.166722 -0.432923 0.223786
v -2.137178 -0.418097 0.178239
v -2.166722 -0.432923 0.223786
v -2.123809 -0.464988 0.206378
v -2.137178 -0.418097 0.178239
v -2.123809 -0.464988 0.206378
v -2.123809 -0.464988 0.150101
v -2.166722 -0.432923 0.132694
v -2.123809 -0.464988 0.150101
v -2.171632 -0.489048 0.132694
v -2.193240 -0.413191 0.178239
v -2.166722 -0.432923 0.132694
v -2.214551 -0.457045 0.150101
v -2.166722 -0.432923 0.223786
v -2.193240 -0.413191 0.178239
v -2.214551 -0.457045 0.206378
v -2.123809 -0.464988 0.206378
v -2.166722 -0.432923 0.223786
v -2.171632 -0.489048 0.223786
v -2.123809 -0.464988 0.150101
v -2.123809 -0.464988 0.206378
v -2.145114 -0.508781 0.178239
v -1.613938 -0.124376 -0.133843
v -1.614800 -0.092737 -0.079251
v -1.911958 -0.150463 -0.118806
v -1.614800 -0.092737 -0.079251
v -1.912741 -0.122901 -0.071327
v -1.911958 -0.150463 -0.118806
v -1.614800 -0.092737 -0.079251
v -1.622083 -0.029970 -0.079251
v -1.912741 -0.122901 -0.071327
v -1.622083 -0.029970 -0.079251
v -1.918990 -0.068367 -0.071327
v -1.912741 -0.122901 -0.071327
v -1.622083 -0.029970 -0.079251
v -1.628389 0.001022 -0.133843
v -1.918990 -0.068367 -0.071327
v -1.628389 0.001022 -0.133843
v -1.924520 -0.041388 -0.118806
v -1.918990 -0.068367 -0.071327
v -1.628389 0.001022 -0.133843
v -1.627526 -0.030622 -0.188435
v -1.924520 -0.041388 -0.118806
v -1.627526 -0.030622 -0.188435
v -1.923735 -0.068890 -0.166287
v -1.924520 -0.041388 -0.118806
v -1.627526 -0.030622 -0.188435
v -1.620301 -0.093319 -0.188435
v -1.923735 -0.068890 -0.166287
v -1.620301 -0.093319 -0.188435
v -1.917426 -0.123492 -0.166287
v -1.923735 -0.068890 -0.166287
v -1.620301 -0.093319 -0.188435
v -1.613938 -0.124376 -0.133843
v -1.917426 -0.123492 -0.166287
v -1.613938 -0.124376 -0.133843
v -1.911958 -0.150463 -0.118806
v -1.917426 -0.123492 -0.166287
v -1.673675 -0.132113 -0.133843
v -1.695624 -0.055159 -0.180012
v -1.625190 -0.107671 -0.208588
v -1.673675 -0.132113 -0.133843
v -1.625190 -0.107671 -0.208588
v -1.581686 -0.140165 -0.133843
v -1.673675 -0.132113 -0.133843
v -1.581686 -0.140165 -0.133843
v -1.625190 -0.107671 -0.059097
v -1.673675 -0.132113 -0.133843
v -1.625190 -0.107671 -0.059097
v -1.695624 -0.055159 -0.087672
v -1.673675 -0.132113 -0.133843
v -1.695624 -0.055159 -0.087672
v -1.695624 -0.055159 -0.180012
v -1.581686 -0.140165 -0.133843
v -1.625190 -0.107671 -0.208588
v -1.546704 -0.068195 -0.180012
v -1.625190 -0.107671 -0.208588
v -1.695624 -0.055159 -0.180012
v -1.617137 -0.015685 -0.208588
v -1.695624 -0.055159 -0.180012
v -1.695624 -0.055159 -0.087672
v -1.660641 0.016809 -0.133843
v -1.695624 -0.055159 -0.087672
v -1.625190 -0.107671 -0.059097
v -1.617137 -0.015685 -0.059097
v -1.625190 -0.107671 -0.059097
v -1.581686 -0.140165 -0.133843
v -1.546704 -0.068195 -0.087672
v -1.568653 0.008758 -0.133843
v -1.546704 -0.068195 -0.180012
v -1.617137 -0.015685 -0.208588
v -1.568653 0.008758 -0.133843
v -1.617137 -0.015685 -0.208588
v -1.660641 0.016809 -0.133843
v -1.568653 0.008758 -0.133843
v -1.660641 0.016809 -0.133843
v -1.617137 -0.015685 -0.059097
v -1.568653 0.008758 -0.133843
v -1.617137 -0.015685 -0.059097
v -1.546704 -0.068195 -0.087672
v -1.568653 0.008758 -0.133843
v -1.546704 -0.068195 -0.087672
v -1.546704 -0.068195 -0.180012
v -1.617137 -0.015685 -0.208588
v -1.546704 -0.068195 -0.180012
v -1.625190 -0.107671 -0.208588
v -1.660641 0.016809 -0.133843
v -1.617137 -0.015685 -0.208588
v -1.695624 -0.055159 -0.180012
v -1.617137 -0.015685 -0.059097
v -1.660641 0.016809 -0.133843
v -1.695624 -0.055159 -0.087672
v -1.546704 -0.068195 -0.087672
v -1.617137 -0.015685 -0.059097
v -1.625190 -0.107671 -0.059097
v -1.546704 -0.068195 -0.180012
v -1.546704 -0.068195 -0.087672
v -1.581686 -0.140165 -0.133843
v -1.911763 -0.151796 -0.118806
v -1.905905 -0.122808 -0.070953
v -2.120210 -0.168437 -0.078939
v -1.905905 -0.122808 -0.070953
v -2.115121 -0.143204 -0.037323
v -2.120210 -0.168437 -0.078939
v -1.905905 -0.122808 -0.070953
v -1.912352 -0.066944 -0.070953
v -2.115121 -0.143204 -0.037323
v -1.912352 -0.066944 -0.070953
v -2.120702 -0.094615 -0.037323
v -2.115121 -0.143204 -0.037323
v -1.912352 -0.066944 -0.070953
v -1.924655 -0.040062 -0.118806
v -2.120702 -0.094615 -0.037323
v -1.924655 -0.040062 -0.118806
v -2.131434 -0.071254 -0.078939
v -2.120702 -0.094615 -0.037323
v -1.924655 -0.040062 -0.118806
v -1.930510 -0.069050 -0.166661
v -2.131434 -0.071254 -0.078939
v -1.930510 -0.069050 -0.166661
v -2.136524 -0.096487 -0.120553
v -2.131434 -0.071254 -0.078939
v -1.930510 -0.069050 -0.166661
v -1.924066 -0.124914 -0.166661
v -2.136524 -0.096487 -0.120553
v -1.924066 -0.124914 -0.166661
v -2.130883 -0.145080 -0.120553
v -2.136524 -0.096487 -0.120553
v -1.924066 -0.124914 -0.166661
v -1.911763 -0.151796 -0.118806
v -2.130883 -0.145080 -0.120553
v -1.911763 -0.151796 -0.118806
v -2.120210 -0.168437 -0.078939
v -2.130883 -0.145080 -0.120553
v -1.965036 -0.158659 -0.118806
v -1.984528 -0.090125 -0.159984
v -1.921794 -0.136889 -0.185379
v -1.965036 -0.158659 -0.118806
v -1.921794 -0.136889 -0.185379
v -1.883054 -0.165832 -0.118806
v -1.965036 -0.158659 -0.118806
v -1.883054 -0.165832 -0.118806
v -1.921794 -0.136889 -0.052235
v -1.965036 -0.158659 -0.118806
v -1.921794 -0.136889 -0.052235
v -1.984528 -0.090125 -0.077691
v -1.965036 -0.158659 -0.118806
v -1.984528 -0.090125 -0.077691
v -1.984528 -0.090125 -0.159984
v -1.883054 -0.165832 -0.118806
v -1.921794 -0.136889 -0.185379
v -1.851890 -0.101734 -0.159984
v -1.921794 -0.136889 -0.185379
v -1.984528 -0.090125 -0.159984
v -1.914618 -0.054908 -0.185379
v -1.984528 -0.090125 -0.159984
v -1.984528 -0.090125 -0.077691
v -1.953425 -0.026021 -0.118806
v -1.984528 -0.090125 -0.077691
v -1.921794 -0.136889 -0.052235
v -1.914618 -0.054908 -0.052235
v -1.921794 -0.136889 -0.052235
v -1.883054 -0.165832 -0.118806
v -1.851890 -0.101734 -0.077691
v -1.871445 -0.033197 -0.118806
v -1.851890 -0.101734 -0.159984
v -1.914618 -0.054908 -0.185379
v -1.871445 -0.033197 -0.118806
v -1.914618 -0.054908 -0.185379
v -1.953425 -0.026021 -0.118806
v -1.871445 -0.033197 -0.118806
v -1.953425 -0.026021 -0.118806
v -1.914618 -0.054908 -0.052235
v -1.871445 -0.033197 -0.118806
v -1.914618 -0.054908 -0.052235
v -1.851890 -0.101734 -0.077691
v -1.871445 -0.033197 -0.118806
v -1.851890 -0.101734 -0.077691
v -1.851890 -0.101734 -0.159984
v -1.914618 -0.054908 -0.185379
v -1.851890 -0.101734 -0.159984
v -1.921794 -0.136889 -0.185379
v -1.953425 -0.026021 -0.118806
v -1.914618 -0.054908 -0.185379
v -1.984528 -0.090125 -0.159984
v -1.914618 -0.054908 -0.052235
v -1.953425 -0.026021 -0.118806
v -1.984528 -0.090125 -0.077691
v -1.851890 -0.101734 -0.077691
v -1.914618 -0.054908 -0.052235
v -1.921794 -0.136889 -0.052235
v -1.851890 -0.101734 -0.159984
v -1.851890 -0.101734 -0.077691
v -1.883054 -0.165832 -0.118806
v -2.120034 -0.170017 -0.078939
v -2.106276 -0.143038 -0.038509
v -2.265351 -0.180158 -0.018543
v -2.106276 -0.143038 -0.038509
v -2.253395 -0.156654 0.016583
v -2.265351 -0.180158 -0.018543
v -2.106276 -0.143038 -0.038509
v -2.112031 -0.092869 -0.038509
v -2.253395 -0.156654 0.016583
v -2.112031 -0.092869 -0.038509
v -2.258473 -0.113057 0.016583
v -2.253395 -0.156654 0.016583
v -2.112031 -0.092869 -0.038509
v -2.131608 -0.069674 -0.078939
v -2.258473 -0.113057 0.016583
v -2.131608 -0.069674 -0.078939
v -2.275438 -0.092910 -0.018543
v -2.258473 -0.113057 0.016583
v -2.131608 -0.069674 -0.078939
v -2.145368 -0.096652 -0.119305
v -2.275438 -0.092910 -0.018543
v -2.145368 -0.096652 -0.119305
v -2.287384 -0.116353 -0.053670
v -2.275438 -0.092910 -0.018543
v -2.145368 -0.096652 -0.119305
v -2.139557 -0.146890 -0.119305
v -2.287384 -0.116353 -0.053670
v -2.139557 -0.146890 -0.119305
v -2.282375 -0.160005 -0.053670
v -2.287384 -0.116353 -0.053670
v -2.139557 -0.146890 -0.119305
v -2.120034 -0.170017 -0.078939
v -2.282375 -0.160005 -0.053670
v -2.120034 -0.170017 -0.078939
v -2.265351 -0.180158 -0.018543
v -2.282375 -0.160005 -0.053670
v -2.167798 -0.176171 -0.078939
v -2.185336 -0.114637 -0.115873
v -2.129011 -0.156644 -0.138710
v -2.167798 -0.176171 -0.078939
v -2.129011 -0.156644 -0.138710
v -2.094208 -0.182611 -0.078939
v -2.167798 -0.176171 -0.078939
v -2.094208 -0.182611 -0.078939
v -2.129011 -0.156643 -0.019105
v -2.167798 -0.176171 -0.078939
v -2.129011 -0.156643 -0.019105
v -2.185336 -0.114637 -0.041941
v -2.167798 -0.176171 -0.078939
v -2.185336 -0.114637 -0.041941
v -2.185336 -0.114637 -0.115873
v -2.094208 -0.182611 -0.078939
v -2.129011 -0.156644 -0.138710
v -2.066248 -0.125059 -0.115873
v -2.129011 -0.156644 -0.138710
v -2.185336 -0.114637 -0.115873
v -2.122572 -0.083052 -0.138710
v -2.185336 -0.114637 -0.115873
v -2.185336 -0.114637 -0.041941
v -2.157377 -0.057084 -0.078939
v -2.185336 -0.114637 -0.041941
v -2.129011 -0.156643 -0.019105
v -2.122572 -0.083052 -0.019105
v -2.129011 -0.156643 -0.019105
v -2.094208 -0.182611 -0.078939
v -2.066248 -0.125059 -0.041941
v -2.083784 -0.063526 -0.078939
v -2.066248 -0.125059 -0.115873
v -2.122572 -0.083052 -0.138710
v -2.083784 -0.063526 -0.078939
v -2.122572 -0.083052 -0.138710
v -2.157377 -0.057084 -0.078939
v -2.083784 -0.063526 -0.078939
v -2.157377 -0.057084 -0.078939
v -2.122572 -0.083052 -0.019105
v -2.083784 -0.063526 -0.078939
v -2.122572 -0.083052 -0.019105
v -2.066248 -0.125059 -0.041941
v -2.083784 -0.063526 -0.078939
v -2.066248 -0.125059 -0.041941
v -2.066248 -0.125059 -0.115873
v -2.122572 -0.083052 -0.138710
v -2.066248 -0.125059 -0.115873
v -2.129011 -0.156644 -0.138710
v -2.157377 -0.057084 -0.078939
v -2.122572 -0.083052 -0.138710
v -2.185336 -0.114637 -0.115873
v -2.122572 -0.083052 -0.019105
v -2.157377 -0.057084 -0.078939
v -2.185336 -0.114637 -0.041941
v -2.066248 -0.125059 -0.041941
v -2.122572 -0.083052 -0.019105
v -2.129011 -0.156643 -0.019105
v -2.066248 -0.125059 -0.115873
v -2.066248 -0.125059 -0.041941
v -2.094208 -0.182611 -0.078939
v -2.265294 -0.180977 -0.018543
v -2.247360 -0.156369 0.014274
v -2.365379 -0.186685 0.044347
v -2.247360 -0.156369 0.014274
v -2.349786 -0.165252 0.072860
v -2.365379 -0.186685 0.044347
v -2.247360 -0.156369 0.014274
v -2.252486 -0.111891 0.014274
v -2.349786 -0.165252 0.072860
v -2.252486 -0.111891 0.014274
v -2.354230 -0.126598 0.072860
v -2.349786 -0.165252 0.072860
v -2.252486 -0.111891 0.014274
v -2.275547 -0.092023 -0.018543
v -2.354230 -0.126598 0.072860
v -2.275547 -0.092023 -0.018543
v -2.374263 -0.109312 0.044347
v -2.354230 -0.126598 0.072860
v -2.275547 -0.092023 -0.018543
v -2.293483 -0.116631 -0.051362
v -2.374263 -0.109312 0.044347
v -2.293483 -0.116631 -0.051362
v -2.389848 -0.130682 0.015772
v -2.374263 -0.109312 0.044347
v -2.293483 -0.116631 -0.051362
v -2.288357 -0.161109 -0.051362
v -2.389848 -0.130682 0.015772
v -2.288357 -0.161109 -0.051362
v -2.385410 -0.169400 0.015772
v -2.389848 -0.130682 0.015772
v -2.288357 -0.161109 -0.051362
v -2.265294 -0.180977 -0.018543
v -2.385410 -0.169400 0.015772
v -2.265294 -0.180977 -0.018543
v -2.365379 -0.186685 0.044347
v -2.385410 -0.169400 0.015772
v -2.307675 -0.186475 -0.018543
v -2.323190 -0.131882 -0.051299
v -2.273276 -0.169131 -0.071514
v -2.307675 -0.186475 -0.018543
v -2.273276 -0.169131 -0.071514
v -2.242413 -0.192187 -0.018543
v -2.307675 -0.186475 -0.018543
v -2.242413 -0.192187 -0.018543
v -2.273276 -0.169131 0.034427
v -2.307675 -0.186475 -0.018543
v -2.273276 -0.169131 0.034427
v -2.323190 -0.131882 0.014212
v -2.307675 -0.186475 -0.018543
v -2.323190 -0.131882 0.014212
v -2.323190 -0.131882 -0.051299
v -2.242413 -0.192187 -0.018543
v -2.273276 -0.169131 -0.071514
v -2.217654 -0.141120 -0.051299
v -2.273276 -0.169131 -0.071514
v -2.323190 -0.131882 -0.051299
v -2.267564 -0.103869 -0.071514
v -2.323190 -0.131882 -0.051299
v -2.323190 -0.131882 0.014212
v -2.298433 -0.080877 -0.018543
v -2.323190 -0.131882 0.014212
v -2.273276 -0.169131 0.034427
v -2.267564 -0.103869 0.034427
v -2.273276 -0.169131 0.034427
v -2.242413 -0.192187 -0.018543
v -2.217654 -0.141120 0.014212
v -2.233173 -0.086588 -0.018543
v -2.217654 -0.141120 -0.051299
v -2.267564 -0.103869 -0.071514
v -2.233173 -0.086588 -0.018543
v -2.267564 -0.103869 -0.071514
v -2.298433 -0.080877 -0.018543
v -2.233173 -0.086588 -0.018543
v -2.298433 -0.080877 -0.018543
v -2.267564 -0.103869 0.034427
v -2.233173 -0.086588 -0.018543
v -2.267564 -0.103869 0.034427
v -2.217654 -0.141120 0.014212
v -2.233173 -0.086588 -0.018543
v -2.217654 -0.141120 0.014212
v -2.217654 -0.141120 -0.051299
v -2.267564 -0.103869 -0.071514
v -2.217654 -0.141120 -0.051299
v -2.273276 -0.169131 -0.071514
v -2.298433 -0.080877 -0.018543
v -2.267564 -0.103869 -0.071514
v -2.323190 -0.131882 -0.051299
v -2.267564 -0.103869 0.034427
v -2.298433 -0.080877 -0.018543
v -2.323190 -0.131882 0.014212
v -2.217654 -0.141120 0.014212
v -2.267564 -0.103869 0.034427
v -2.273276 -0.169131 0.034427
v -2.217654 -0.141120 -0.051299
v -2.217654 -0.141120 0.014212
v -2.242413 -0.192187 -0.018543
v -2.401820 -0.190887 0.044347
v -2.415190 -0.143996 0.016146
v -2.372271 -0.175999 -0.001200
v -2.401820 -0.190887 0.044347
v -2.372271 -0.175999 -0.001200
v -2.345757 -0.195793 0.044347
v -2.401820 -0.190887 0.044347
v -2.345757 -0.195793 0.044347
v -2.372271 -0.175999 0.089830
v -2.401820 -0.190887 0.044347
v -2.372271 -0.175999 0.089830
v -2.415190 -0.143996 0.072485
v -2.401820 -0.190887 0.044347
v -2.415190 -0.143996 0.072485
v -2.415190 -0.143996 0.016146
v -2.345757 -0.195793 0.044347
v -2.372271 -0.175999 -0.001200
v -2.324444 -0.151939 0.016146
v -2.372271 -0.175999 -0.001200
v -2.415190 -0.143996 0.016146
v -2.367365 -0.119937 -0.001200
v -2.415190 -0.143996 0.016146
v -2.415190 -0.143996 0.072485
v -2.393877 -0.100143 0.044347
v -2.415190 -0.143996 0.072485
v -2.372271 -0.175999 0.089830
v -2.367365 -0.119937 0.089830
v -2.372271 -0.175999 0.089830
v -2.345757 -0.195793 0.044347
v -2.324444 -0.151939 0.072485
v -2.337813 -0.105049 0.044347
v -2.324444 -0.151939 0.016146
v -2.367365 -0.119937 -0.001200
v -2.337813 -0.105049 0.044347
v -2.367365 -0.119937 -0.001200
v -2.393877 -0.100143 0.044347
v -2.337813 -0.105049 0.044347
v -2.393877 -0.100143 0.044347
v -2.367365 -0.119937 0.089830
v -2.337813 -0.105049 0.044347
v -2.367365 -0.119937 0.089830
v -2.324444 -0.151939 0.072485
v -2.337813 -0.105049 0.044347
v -2.324444 -0.151939 0.072485
v -2.324444 -0.151939 0.016146
v -2.367365 -0.119937 -0.001200
v -2.324444 -0.151939 0.016146
v -2.372271 -0.175999 -0.001200
v -2.393877 -0.100143 0.044347
v -2.367365 -0.119937 -0.001200
v -2.415190 -0.143996 0.016146
v -2.367365 -0.119937 0.089830
v -2.393877 -0.100143 0.044347
v -2.415190 -0.143996 0.072485
v -2.324444 -0.151939 0.072485
v -2.367365 -0.119937 0.089830
v -2.372271 -0.175999 0.089830
v -2.324444 -0.151939 0.016146
v -2.324444 -0.151939 0.072485
v -2.345757 -0.195793 0.044347
v -1.582122 -0.268203 -0.081247
v -1.583432 -0.235959 -0.026967
v -1.876010 -0.332229 -0.045683
v -1.583432 -0.235959 -0.026967
v -1.877131 -0.304262 0.001546
v -1.876010 -0.332229 -0.045683
v -1.583432 -0.235959 -0.026967
v -1.598550 -0.174700 -0.026967
v -1.877131 -0.304262 0.001546
v -1.598550 -0.174700 -0.026967
v -1.890316 -0.250938 0.001546
v -1.877131 -0.304262 0.001546
v -1.598550 -0.174700 -0.026967
v -1.612347 -0.145560 -0.081247
v -1.890316 -0.250938 0.001546
v -1.612347 -0.145560 -0.081247
v -1.902317 -0.225647 -0.045683
v -1.890316 -0.250938 0.001546
v -1.612347 -0.145560 -0.081247
v -1.611030 -0.177740 -0.135528
v -1.902317 -0.225647 -0.045683
v -1.611030 -0.177740 -0.135528
v -1.901134 -0.253623 -0.092914
v -1.902317 -0.225647 -0.045683
v -1.611030 -0.177740 -0.135528
v -1.595917 -0.239064 -0.135528
v -1.901134 -0.253623 -0.092914
v -1.595917 -0.239064 -0.135528
v -1.888015 -0.306942 -0.092914
v -1.901134 -0.253623 -0.092914
v -1.595917 -0.239064 -0.135528
v -1.582122 -0.268203 -0.081247
v -1.888015 -0.306942 -0.092914
v -1.582122 -0.268203 -0.081247
v -1.876010 -0.332229 -0.045683
v -1.888015 -0.306942 -0.092914
v -1.649744 -0.277315 -0.081247
v -1.671632 -0.200370 -0.127417
v -1.601259 -0.252876 -0.155992
v -1.649744 -0.277315 -0.081247
v -1.601259 -0.252876 -0.155992
v -1.557756 -0.285367 -0.081247
v -1.649744 -0.277315 -0.081247
v -1.557756 -0.285367 -0.081247
v -1.601259 -0.252876 -0.006501
v -1.649744 -0.277315 -0.081247
v -1.601259 -0.252876 -0.006501
v -1.671632 -0.200370 -0.035077
v -1.649744 -0.277315 -0.081247
v -1.671632 -0.200370 -0.035077
v -1.671632 -0.200370 -0.127417
v -1.557756 -0.285367 -0.081247
v -1.601259 -0.252876 -0.155992
v -1.522773 -0.213398 -0.127417
v -1.601259 -0.252876 -0.155992
v -1.671632 -0.200370 -0.127417
v -1.593207 -0.160887 -0.155992
v -1.671632 -0.200370 -0.127417
v -1.671632 -0.200370 -0.035077
v -1.636710 -0.128396 -0.081247
v -1.671632 -0.200370 -0.035077
v -1.601259 -0.252876 -0.006501
v -1.593207 -0.160887 -0.006501
v -1.601259 -0.252876 -0.006501
v -1.557756 -0.285367 -0.081247
v -1.522773 -0.213398 -0.035077
v -1.544722 -0.136447 -0.081247
v -1.522773 -0.213398 -0.127417
v -1.593207 -0.160887 -0.155992
v -1.544722 -0.136447 -0.081247
v -1.593207 -0.160887 -0.155992
v -1.636710 -0.128396 -0.081247
v -1.544722 -0.136447 -0.081247
v -1.636710 -0.128396 -0.081247
v -1.593207 -0.160887 -0.006501
v -1.544722 -0.136447 -0.081247
v -1.593207 -0.160887 -0.006501
v -1.522773 -0.213398 -0.035077
v -1.544722 -0.136447 -0.081247
v -1.522773 -0.213398 -0.035077
v -1.522773 -0.213398 -0.127417
v -1.593207 -0.160887 -0.155992
v -1.522773 -0.213398 -0.127417
v -1.601259 -0.252876 -0.155992
v -1.636710 -0.128396 -0.081247
v -1.593207 -0.160887 -0.155992
v -1.671632 -0.200370 -0.127417
v -1.593207 -0.160887 -0.006501
v -1.636710 -0.128396 -0.081247
v -1.671632 -0.200370 -0.035077
v -1.522773 -0.213398 -0.035077
v -1.593207 -0.160887 -0.006501
v -1.601259 -0.252876 -0.006501
v -1.522773 -0.213398 -0.127417
v -1.522773 -0.213398 -0.035077
v -1.557756 -0.285367 -0.081247
v -1.875684 -0.333511 -0.045683
v -1.870532 -0.303273 0.001483
v -2.079594 -0.376290 0.008410
v -1.870532 -0.303273 0.001483
v -2.075102 -0.350004 0.049401
v -2.079594 -0.376290 0.008410
v -1.870532 -0.303273 0.001483
v -1.883978 -0.248673 0.001483
v -2.075102 -0.350004 0.049401
v -1.883978 -0.248673 0.001483
v -2.086852 -0.302503 0.049401
v -2.075102 -0.350004 0.049401
v -1.883978 -0.248673 0.001483
v -1.902640 -0.224305 -0.045683
v -2.086852 -0.302503 0.049401
v -1.902640 -0.224305 -0.045683
v -2.103039 -0.281358 0.008410
v -2.086852 -0.302503 0.049401
v -1.902640 -0.224305 -0.045683
v -1.907791 -0.254543 -0.092851
v -2.103039 -0.281358 0.008410
v -1.907791 -0.254543 -0.092851
v -2.107531 -0.307646 -0.032581
v -2.103039 -0.281358 0.008410
v -1.907791 -0.254543 -0.092851
v -1.894282 -0.309149 -0.092851
v -2.107531 -0.307646 -0.032581
v -1.894282 -0.309149 -0.092851
v -2.095781 -0.355146 -0.032581
v -2.107531 -0.307646 -0.032581
v -1.894282 -0.309149 -0.092851
v -1.875684 -0.333511 -0.045683
v -2.095781 -0.355146 -0.032581
v -1.875684 -0.333511 -0.045683
v -2.079594 -0.376290 0.008410
v -2.095781 -0.355146 -0.032581
v -1.935957 -0.341639 -0.045683
v -1.955450 -0.273108 -0.086801
v -1.892722 -0.319933 -0.112256
v -1.935957 -0.341639 -0.045683
v -1.892722 -0.319933 -0.112256
v -1.853976 -0.348815 -0.045683
v -1.935957 -0.341639 -0.045683
v -1.853976 -0.348815 -0.045683
v -1.892722 -0.319933 0.020888
v -1.935957 -0.341639 -0.045683
v -1.892722 -0.319933 0.020888
v -1.955450 -0.273108 -0.004504
v -1.935957 -0.341639 -0.045683
v -1.955450 -0.273108 -0.004504
v -1.955450 -0.273108 -0.086801
v -1.853976 -0.348815 -0.045683
v -1.892722 -0.319933 -0.112256
v -1.822812 -0.284716 -0.086801
v -1.892722 -0.319933 -0.112256
v -1.955450 -0.273108 -0.086801
v -1.885546 -0.237951 -0.112256
v -1.955450 -0.273108 -0.086801
v -1.955450 -0.273108 -0.004504
v -1.924347 -0.209002 -0.045683
v -1.955450 -0.273108 -0.004504
v -1.892722 -0.319933 0.020888
v -1.885546 -0.237952 0.020888
v -1.892722 -0.319933 0.020888
v -1.853976 -0.348815 -0.045683
v -1.822812 -0.284716 -0.004504
v -1.842366 -0.216177 -0.045683
v -1.822812 -0.284716 -0.086801
v -1.885546 -0.237951 -0.112256
v -1.842366 -0.216177 -0.045683
v -1.885546 -0.237951 -0.112256
v -1.924347 -0.209002 -0.045683
v -1.842366 -0.216177 -0.045683
v -1.924347 -0.209002 -0.045683
v -1.885546 -0.237952 0.020888
v -1.842366 -0.216177 -0.045683
v -1.885546 -0.237952 0.020888
v -1.822812 -0.284716 -0.004504
v -1.842366 -0.216177 -0.045683
v -1.822812 -0.284716 -0.004504
v -1.822812 -0.284716 -0.086801
v -1.885546 -0.237951 -0.112256
v -1.822812 -0.284716 -0.086801
v -1.892722 -0.319933 -0.112256
v -1.924347 -0.209002 -0.045683
v -1.885546 -0.237951 -0.112256
v -1.955450 -0.273108 -0.086801
v -1.885546 -0.237952 0.020888
v -1.924347 -0.209002 -0.045683
v -1.955450 -0.273108 -0.004504
v -1.822812 -0.284716 -0.004504
v -1.885546 -0.237952 0.020888
v -1.892722 -0.319933 0.020888
v -1.822812 -0.284716 -0.086801
v -1.822812 -0.284716 -0.004504
v -1.853976 -0.348815 -0.045683
v -2.079232 -0.377887 0.008410
v -2.066728 -0.348794 0.047779
v -2.220029 -0.405837 0.077914
v -2.066728 -0.348794 0.047779
v -2.209173 -0.380545 0.112165
v -2.220029 -0.405837 0.077914
v -2.066728 -0.348794 0.047779
v -2.078839 -0.299698 0.047779
v -2.209173 -0.380545 0.112165
v -2.078839 -0.299698 0.047779
v -2.219659 -0.337915 0.112165
v -2.209173 -0.380545 0.112165
v -2.078839 -0.299698 0.047779
v -2.103400 -0.279761 0.008410
v -2.219659 -0.337915 0.112165
v -2.103400 -0.279761 0.008410
v -2.241058 -0.320510 0.077914
v -2.219659 -0.337915 0.112165
v -2.103400 -0.279761 0.008410
v -2.115903 -0.308854 -0.030958
v -2.241058 -0.320510 0.077914
v -2.115903 -0.308854 -0.030958
v -2.251917 -0.345864 0.043723
v -2.241058 -0.320510 0.077914
v -2.115903 -0.308854 -0.030958
v -2.103787 -0.357889 -0.030958
v -2.251917 -0.345864 0.043723
v -2.103787 -0.357889 -0.030958
v -2.241370 -0.388498 0.043723
v -2.251917 -0.345864 0.043723
v -2.103787 -0.357889 -0.030958
v -2.079232 -0.377887 0.008410
v -2.241370 -0.388498 0.043723
v -2.079232 -0.377887 0.008410
v -2.220029 -0.405837 0.077914
v -2.241370 -0.388498 0.043723
v -2.133356 -0.385176 0.008410
v -2.150888 -0.323579 -0.028527
v -2.094508 -0.365652 -0.051362
v -2.133356 -0.385176 0.008410
v -2.094508 -0.365652 -0.051362
v -2.059704 -0.391622 0.008410
v -2.133356 -0.385176 0.008410
v -2.059704 -0.391622 0.008410
v -2.094508 -0.365652 0.068181
v -2.133356 -0.385176 0.008410
v -2.094508 -0.365652 0.068181
v -2.150888 -0.323579 0.045345
v -2.133356 -0.385176 0.008410
v -2.150888 -0.323579 0.045345
v -2.150888 -0.323579 -0.028527
v -2.059704 -0.391622 0.008410
v -2.094508 -0.365652 -0.051362
v -2.031739 -0.334008 -0.028527
v -2.094508 -0.365652 -0.051362
v -2.150888 -0.323579 -0.028527
v -2.088061 -0.292001 -0.051362
v -2.150888 -0.323579 -0.028527
v -2.150888 -0.323579 0.045345
v -2.122927 -0.266027 0.008410
v -2.150888 -0.323579 0.045345
v -2.094508 -0.365652 0.068181
v -2.088061 -0.292001 0.068181
v -2.094508 -0.365652 0.068181
v -2.059704 -0.391622 0.008410
v -2.031739 -0.334008 0.045345
v -2.049276 -0.272473 0.008410
v -2.031739 -0.334008 -0.028527
v -2.088061 -0.292001 -0.051362
v -2.049276 -0.272473 0.008410
v -2.088061 -0.292001 -0.051362
v -2.122927 -0.266027 0.008410
v -2.049276 -0.272473 0.008410
v -2.122927 -0.266027 0.008410
v -2.088061 -0.292001 0.068181
v -2.049276 -0.272473 0.008410
v -2.088061 -0.292001 0.068181
v -2.031739 -0.334008 0.045345
v -2.049276 -0.272473 0.008410
v -2.031739 -0.334008 0.045345
v -2.031739 -0.334008 -0.028527
v -2.088061 -0.292001 -0.051362
v -2.031739 -0.334008 -0.028527
v -2.094508 -0.365652 -0.051362
v -2.122927 -0.266027 0.008410
v -2.088061 -0.292001 -0.051362
v -2.150888 -0.323579 -0.028527
v -2.088061 -0.292001 0.068181
v -2.122927 -0.266027 0.008410
v -2.150888 -0.323579 0.045345
v -2.031739 -0.334008 0.045345
v -2.088061 -0.292001 0.068181
v -2.094508 -0.365652 0.068181
v -2.031739 -0.334008 -0.028527
v -2.031739 -0.334008 0.045345
v -2.059704 -0.391622 0.008410
v -2.219789 -0.406670 0.077914
v -2.203577 -0.379592 0.109672
v -2.316294 -0.424466 0.146419
v -2.203577 -0.379592 0.109672
v -2.302144 -0.400903 0.174058
v -2.316294 -0.424466 0.146419
v -2.203577 -0.379592 0.109672
v -2.214302 -0.336129 0.109672
v -2.302144 -0.400903 0.174058
v -2.214302 -0.336129 0.109672
v -2.311488 -0.363133 0.174058
v -2.302144 -0.400903 0.174058
v -2.214302 -0.336129 0.109672
v -2.241239 -0.319741 0.077914
v -2.311488 -0.363133 0.174058
v -2.241239 -0.319741 0.077914
v -2.334917 -0.348871 0.146419
v -2.311488 -0.363133 0.174058
v -2.241239 -0.319741 0.077914
v -2.257446 -0.346757 0.046157
v -2.334917 -0.348871 0.146419
v -2.257446 -0.346757 0.046157
v -2.349062 -0.372372 0.118842
v -2.334917 -0.348871 0.146419
v -2.257446 -0.346757 0.046157
v -2.246718 -0.390222 0.046157
v -2.349062 -0.372372 0.118842
v -2.246718 -0.390222 0.046157
v -2.339720 -0.410205 0.118842
v -2.349062 -0.372372 0.118842
v -2.246718 -0.390222 0.046157
v -2.219789 -0.406670 0.077914
v -2.339720 -0.410205 0.118842
v -2.219789 -0.406670 0.077914
v -2.316294 -0.424466 0.146419
v -2.339720 -0.410205 0.118842
v -2.267763 -0.413119 0.077914
v -2.283346 -0.358582 0.045158
v -2.233367 -0.395775 0.024944
v -2.267763 -0.413119 0.077914
v -2.233367 -0.395775 0.024944
v -2.202500 -0.418831 0.077914
v -2.267763 -0.413119 0.077914
v -2.202500 -0.418831 0.077914
v -2.233367 -0.395775 0.130946
v -2.267763 -0.413119 0.077914
v -2.233367 -0.395775 0.130946
v -2.283346 -0.358582 0.110670
v -2.267763 -0.413119 0.077914
v -2.283346 -0.358582 0.110670
v -2.283346 -0.358582 0.045158
v -2.202500 -0.418831 0.077914
v -2.233367 -0.395775 0.024944
v -2.177746 -0.367825 0.045158
v -2.233367 -0.395775 0.024944
v -2.283346 -0.358582 0.045158
v -2.227659 -0.330576 0.024944
v -2.283346 -0.358582 0.045158
v -2.283346 -0.358582 0.110670
v -2.258520 -0.307519 0.077914
v -2.283346 -0.358582 0.110670
v -2.233367 -0.395775 0.130946
v -2.227659 -0.330576 0.130946
v -2.233367 -0.395775 0.130946
v -2.202500 -0.418831 0.077914
v -2.177746 -0.367825 0.110670
v -2.193260 -0.313232 0.077914
v -2.177746 -0.367825 0.045158
v -2.227659 -0.330576 0.024944
v -2.193260 -0.313232 0.077914
v -2.227659 -0.330576 0.024944
v -2.258520 -0.307519 0.077914
v -2.193260 -0.313232 0.077914
v -2.258520 -0.307519 0.077914
v -2.227659 -0.330576 0.130946
v -2.193260 -0.313232 0.077914
v -2.227659 -0.330576 0.130946
v -2.177746 -0.367825 0.110670
v -2.193260 -0.313232 0.077914
v -2.177746 -0.367825 0.110670
v -2.177746 -0.367825 0.045158
v -2.227659 -0.330576 0.024944
v -2.177746 -0.367825 0.045158
v -2.233367 -0.395775 0.024944
v -2.258520 -0.307519 0.077914
v -2.227659 -0.330576 0.024944
v -2.283346 -0.358582 0.045158
v -2.227659 -0.330576 0.130946
v -2.258520 -0.307519 0.077914
v -2.283346 -0.358582 0.110670
v -2.177746 -0.367825 0.110670
v -2.227659 -0.330576 0.130946
v -2.233367 -0.395775 0.130946
v -2.177746 -0.367825 0.045158
v -2.177746 -0.367825 0.110670
v -2.202500 -0.418831 0.077914
v -2.357634 -0.429554 0.146419
v -2.370945 -0.382668 0.118281
v -2.328088 -0.414666 0.100936
v -2.357634 -0.429554 0.146419
v -2.328088 -0.414666 0.100936
v -2.301512 -0.434466 0.146419
v -2.357634 -0.429554 0.146419
v -2.301512 -0.434466 0.146419
v -2.328088 -0.414666 0.191966
v -2.357634 -0.429554 0.146419
v -2.328088 -0.414666 0.191966
v -2.370945 -0.382668 0.174620
v -2.357634 -0.429554 0.146419
v -2.370945 -0.382668 0.174620
v -2.370945 -0.382668 0.118281
v -2.301512 -0.434466 0.146419
v -2.328088 -0.414666 0.100936
v -2.280261 -0.390606 0.118281
v -2.328088 -0.414666 0.100936
v -2.370945 -0.382668 0.118281
v -2.323181 -0.358602 0.100936
v -2.370945 -0.382668 0.118281
v -2.370945 -0.382668 0.174620
v -2.349694 -0.338809 0.146419
v -2.370945 -0.382668 0.174620
v -2.328088 -0.414666 0.191966
v -2.323181 -0.358602 0.191966
v -2.328088 -0.414666 0.191966
v -2.301512 -0.434466 0.146419
v -2.280261 -0.390606 0.174620
v -2.293568 -0.343720 0.146419
v -2.280261 -0.390606 0.118281
v -2.323181 -0.358602 0.100936
v -2.293568 -0.343720 0.146419
v -2.323181 -0.358602 0.100936
v -2.349694 -0.338809 0.146419
v -2.293568 -0.343720 0.146419
v -2.349694 -0.338809 0.146419
v -2.323181 -0.358602 0.191966
v -2.293568 -0.343720 0.146419
v -2.323181 -0.358602 0.191966
v -2.280261 -0.390606 0.174620
v -2.293568 -0.343720 0.146419
v -2.280261 -0.390606 0.174620
v -2.280261 -0.390606 0.118281
v -2.323181 -0.358602 0.100936
v -2.280261 -0.390606 0.118281
v -2.328088 -0.414666 0.100936
v -2.349694 -0.338809 0.146419
v -2.323181 -0.358602 0.100936
v -2.370945 -0.382668 0.118281
v -2.323181 -0.358602 0.191966
v -2.349694 -0.338809 0.146419
v -2.370945 -0.382668 0.174620
v -2.280261 -0.390606 0.174620
v -2.323181 -0.358602 0.191966
v -2.328088 -0.414666 0.191966
v -2.280261 -0.390606 0.118281
v -2.280261 -0.390606 0.174620
v -2.301512 -0.434466 0.146419
v -1.600222 -0.213824 -0.119242
v -1.601374 -0.181905 -0.064775
v -1.917032 -0.266386 -0.090667
v -1.601374 -0.181905 -0.064775
v -1.918052 -0.238676 -0.043313
v -1.917032 -0.266386 -0.090667
v -1.601374 -0.181905 -0.064775
v -1.613358 -0.119917 -0.064775
v -1.918052 -0.238676 -0.043313
v -1.613358 -0.119917 -0.064775
v -1.928423 -0.184721 -0.043313
v -1.918052 -0.238676 -0.043313
v -1.613358 -0.119917 -0.064775
v -1.624068 -0.089859 -0.119242
v -1.928423 -0.184721 -0.043313
v -1.624068 -0.089859 -0.119242
v -1.937787 -0.158600 -0.090667
v -1.928423 -0.184721 -0.043313
v -1.624068 -0.089859 -0.119242
v -1.622854 -0.121779 -0.173710
v -1.937787 -0.158600 -0.090667
v -1.622854 -0.121779 -0.173710
v -1.936703 -0.186315 -0.138024
v -1.937787 -0.158600 -0.090667
v -1.622854 -0.121779 -0.173710
v -1.610931 -0.183763 -0.173710
v -1.936703 -0.186315 -0.138024
v -1.610931 -0.183763 -0.173710
v -1.926332 -0.240270 -0.138024
v -1.936703 -0.186315 -0.138024
v -1.610931 -0.183763 -0.173710
v -1.600222 -0.213824 -0.119242
v -1.926332 -0.240270 -0.138024
v -1.600222 -0.213824 -0.119242
v -1.917032 -0.266386 -0.090667
v -1.926332 -0.240270 -0.138024
v -1.664655 -0.222274 -0.119242
v -1.686604 -0.145323 -0.165476
v -1.616170 -0.197834 -0.193989
v -1.664655 -0.222274 -0.119242
v -1.616170 -0.197834 -0.193989
v -1.572668 -0.230326 -0.119242
v -1.664655 -0.222274 -0.119242
v -1.572668 -0.230326 -0.119242
v -1.616170 -0.197834 -0.044560
v -1.664655 -0.222274 -0.119242
v -1.616170 -0.197834 -0.044560
v -1.686604 -0.145323 -0.073073
v -1.664655 -0.222274 -0.119242
v -1.686604 -0.145323 -0.073073
v -1.686604 -0.145323 -0.165476
v -1.572668 -0.230326 -0.119242
v -1.616170 -0.197834 -0.193989
v -1.537685 -0.158357 -0.165476
v -1.616170 -0.197834 -0.193989
v -1.686604 -0.145323 -0.165476
v -1.608119 -0.105846 -0.193989
v -1.686604 -0.145323 -0.165476
v -1.686604 -0.145323 -0.073073
v -1.651621 -0.073354 -0.119242
v -1.686604 -0.145323 -0.073073
v -1.616170 -0.197834 -0.044560
v -1.608119 -0.105846 -0.044560
v -1.616170 -0.197834 -0.044560
v -1.572668 -0.230326 -0.119242
v -1.537685 -0.158357 -0.073073
v -1.559635 -0.081405 -0.119242
v -1.537685 -0.158357 -0.165476
v -1.608119 -0.105846 -0.193989
v -1.559635 -0.081405 -0.119242
v -1.608119 -0.105846 -0.193989
v -1.651621 -0.073354 -0.119242
v -1.559635 -0.081405 -0.119242
v -1.651621 -0.073354 -0.119242
v -1.608119 -0.105846 -0.044560
v -1.559635 -0.081405 -0.119242
v -1.608119 -0.105846 -0.044560
v -1.537685 -0.158357 -0.073073
v -1.559635 -0.081405 -0.119242
v -1.537685 -0.158357 -0.073073
v -1.537685 -0.158357 -0.165476
v -1.608119 -0.105846 -0.193989
v -1.537685 -0.158357 -0.165476
v -1.616170 -0.197834 -0.193989
v -1.651621 -0.073354 -0.119242
v -1.608119 -0.105846 -0.193989
v -1.686604 -0.145323 -0.165476
v -1.608119 -0.105846 -0.044560
v -1.651621 -0.073354 -0.119242
v -1.686604 -0.145323 -0.073073
v -1.537685 -0.158357 -0.073073
v -1.608119 -0.105846 -0.044560
v -1.616170 -0.197834 -0.044560
v -1.537685 -0.158357 -0.165476
v -1.537685 -0.158357 -0.073073
v -1.572668 -0.230326 -0.119242
v -1.916773 -0.267723 -0.090667
v -1.911360 -0.238072 -0.043189
v -2.137347 -0.302656 -0.039257
v -1.911360 -0.238072 -0.043189
v -2.132588 -0.276892 0.001983
v -2.137347 -0.302656 -0.039257
v -1.911360 -0.238072 -0.043189
v -1.921989 -0.182779 -0.043189
v -2.132588 -0.276892 0.001983
v -1.921989 -0.182779 -0.043189
v -2.141846 -0.228860 0.001983
v -2.132588 -0.276892 0.001983
v -1.921989 -0.182779 -0.043189
v -1.938044 -0.157261 -0.090667
v -2.141846 -0.228860 0.001983
v -1.938044 -0.157261 -0.090667
v -2.155806 -0.206595 -0.039257
v -2.141846 -0.228860 0.001983
v -1.938044 -0.157261 -0.090667
v -1.943458 -0.186914 -0.138148
v -2.155806 -0.206595 -0.039257
v -1.943458 -0.186914 -0.138148
v -2.160509 -0.232424 -0.080561
v -2.155806 -0.206595 -0.039257
v -1.943458 -0.186914 -0.138148
v -1.932822 -0.242143 -0.138148
v -2.160509 -0.232424 -0.080561
v -1.932822 -0.242143 -0.138148
v -2.151247 -0.280458 -0.080561
v -2.160509 -0.232424 -0.080561
v -1.932822 -0.242143 -0.138148
v -1.916773 -0.267723 -0.090667
v -2.151247 -0.280458 -0.080561
v -1.916773 -0.267723 -0.090667
v -2.137347 -0.302656 -0.039257
v -2.151247 -0.280458 -0.080561
v -1.974174 -0.275224 -0.090667
v -1.993728 -0.206688 -0.131784
v -1.930994 -0.253451 -0.157240
v -1.974174 -0.275224 -0.090667
v -1.930994 -0.253451 -0.157240
v -1.892192 -0.282400 -0.090667
v -1.974174 -0.275224 -0.090667
v -1.892192 -0.282400 -0.090667
v -1.930994 -0.253451 -0.024097
v -1.974174 -0.275224 -0.090667
v -1.930994 -0.253451 -0.024097
v -1.993728 -0.206688 -0.049490
v -1.974174 -0.275224 -0.090667
v -1.993728 -0.206688 -0.049490
v -1.993728 -0.206688 -0.131784
v -1.892192 -0.282400 -0.090667
v -1.930994 -0.253451 -0.157240
v -1.861090 -0.218297 -0.131784
v -1.930994 -0.253451 -0.157240
v -1.993728 -0.206688 -0.131784
v -1.923818 -0.171471 -0.157240
v -1.993728 -0.206688 -0.131784
v -1.993728 -0.206688 -0.049490
v -1.962563 -0.142590 -0.090667
v -1.993728 -0.206688 -0.049490
v -1.930994 -0.253451 -0.024097
v -1.923818 -0.171471 -0.024097
v -1.930994 -0.253451 -0.024097
v -1.892192 -0.282400 -0.090667
v -1.861090 -0.218297 -0.049490
v -1.880583 -0.149764 -0.090667
v -1.861090 -0.218297 -0.131784
v -1.923818 -0.171471 -0.157240
v -1.880583 -0.149764 -0.090667
v -1.923818 -0.171471 -0.157240
v -1.962563 -0.142590 -0.090667
v -1.880583 -0.149764 -0.090667
v -1.962563 -0.142590 -0.090667
v -1.923818 -0.171471 -0.024097
v -1.880583 -0.149764 -0.090667
v -1.923818 -0.171471 -0.024097
v -1.861090 -0.218297 -0.049490
v -1.880583 -0.149764 -0.090667
v -1.861090 -0.218297 -0.049490
v -1.861090 -0.218297 -0.131784
v -1.923818 -0.171471 -0.157240
v -1.861090 -0.218297 -0.131784
v -1.930994 -0.253451 -0.157240
v -1.962563 -0.142590 -0.090667
v -1.923818 -0.171471 -0.157240
v -1.993728 -0.206688 -0.131784
v -1.923818 -0.171471 -0.024097
v -1.962563 -0.142590 -0.090667
v -1.993728 -0.206688 -0.049490
v -1.861090 -0.218297 -0.049490
v -1.923818 -0.171471 -0.024097
v -1.930994 -0.253451 -0.024097
v -1.861090 -0.218297 -0.131784
v -1.861090 -0.218297 -0.049490
v -1.892192 -0.282400 -0.090667
v -2.137045 -0.304247 -0.039257
v -2.123989 -0.276016 0.000547
v -2.289910 -0.326943 0.030932
v -2.123989 -0.276016 0.000547
v -2.278620 -0.302441 0.065560
v -2.289910 -0.326943 0.030932
v -2.123989 -0.276016 0.000547
v -2.133556 -0.226453 0.000547
v -2.278620 -0.302441 0.065560
v -2.133556 -0.226453 0.000547
v -2.286927 -0.259251 0.065560
v -2.278620 -0.302441 0.065560
v -2.133556 -0.226453 0.000547
v -2.156112 -0.205063 -0.039257
v -2.286927 -0.259251 0.065560
v -2.156112 -0.205063 -0.039257
v -2.306533 -0.240687 0.030932
v -2.286927 -0.259251 0.065560
v -2.156112 -0.205063 -0.039257
v -2.169099 -0.233238 -0.079126
v -2.306533 -0.240687 0.030932
v -2.169099 -0.233238 -0.079126
v -2.317830 -0.265253 -0.003693
v -2.306533 -0.240687 0.030932
v -2.169099 -0.233238 -0.079126
v -2.159537 -0.282863 -0.079126
v -2.317830 -0.265253 -0.003693
v -2.159537 -0.282863 -0.079126
v -2.309515 -0.308381 -0.003693
v -2.317830 -0.265253 -0.003693
v -2.159537 -0.282863 -0.079126
v -2.137045 -0.304247 -0.039257
v -2.309515 -0.308381 -0.003693
v -2.137045 -0.304247 -0.039257
v -2.289910 -0.326943 0.030932
v -2.309515 -0.308381 -0.003693
v -2.188550 -0.310951 -0.039257
v -2.206087 -0.249417 -0.076193
v -2.149771 -0.291483 -0.099029
v -2.188550 -0.310951 -0.039257
v -2.149771 -0.291483 -0.099029
v -2.114959 -0.317392 -0.039257
v -2.188550 -0.310951 -0.039257
v -2.114959 -0.317392 -0.039257
v -2.149771 -0.291483 0.020514
v -2.188550 -0.310951 -0.039257
v -2.149771 -0.291483 0.020514
v -2.206087 -0.249417 -0.002320
v -2.188550 -0.310951 -0.039257
v -2.206087 -0.249417 -0.002320
v -2.206087 -0.249417 -0.076193
v -2.114959 -0.317392 -0.039257
v -2.149771 -0.291483 -0.099029
v -2.087000 -0.259840 -0.076193
v -2.149771 -0.291483 -0.099029
v -2.206087 -0.249417 -0.076193
v -2.143326 -0.217832 -0.099029
v -2.206087 -0.249417 -0.076193
v -2.206087 -0.249417 -0.002320
v -2.178129 -0.191864 -0.039257
v -2.206087 -0.249417 -0.002320
v -2.149771 -0.291483 0.020514
v -2.143326 -0.217832 0.020514
v -2.149771 -0.291483 0.020514
v -2.114959 -0.317392 -0.039257
v -2.087000 -0.259840 -0.002320
v -2.104539 -0.198305 -0.039257
v -2.087000 -0.259840 -0.076193
v -2.143326 -0.217832 -0.099029
v -2.104539 -0.198305 -0.039257
v -2.143326 -0.217832 -0.099029
v -2.178129 -0.191864 -0.039257
v -2.104539 -0.198305 -0.039257
v -2.178129 -0.191864 -0.039257
v -2.143326 -0.217832 0.020514
v -2.104539 -0.198305 -0.039257
v -2.143326 -0.217832 0.020514
v -2.087000 -0.259840 -0.002320
v -2.104539 -0.198305 -0.039257
v -2.087000 -0.259840 -0.002320
v -2.087000 -0.259840 -0.076193
v -2.143326 -0.217832 -0.099029
v -2.087000 -0.259840 -0.076193
v -2.149771 -0.291483 -0.099029
v -2.178129 -0.191864 -0.039257
v -2.143326 -0.217832 -0.099029
v -2.206087 -0.249417 -0.076193
v -2.143326 -0.217832 0.020514
v -2.178129 -0.191864 -0.039257
v -2.206087 -0.249417 -0.002320
v -2.087000 -0.259840 -0.002320
v -2.143326 -0.217832 0.020514
v -2.149771 -0.291483 0.020514
v -2.087000 -0.259840 -0.076193
v -2.087000 -0.259840 -0.002320
v -2.114959 -0.317392 -0.039257
v -2.289730 -0.327774 0.030932
v -2.272800 -0.301760 0.063127
v -2.394692 -0.342010 0.101685
v -2.272800 -0.301760 0.063127
v -2.379997 -0.319371 0.129698
v -2.394692 -0.342010 0.101685
v -2.272800 -0.301760 0.063127
v -2.281283 -0.257742 0.063127
v -2.379997 -0.319371 0.129698
v -2.281283 -0.257742 0.063127
v -2.387360 -0.281148 0.129698
v -2.379997 -0.319371 0.129698
v -2.281283 -0.257742 0.063127
v -2.306650 -0.239863 0.030932
v -2.387360 -0.281148 0.129698
v -2.306650 -0.239863 0.030932
v -2.409419 -0.265564 0.101685
v -2.387360 -0.281148 0.129698
v -2.306650 -0.239863 0.030932
v -2.323587 -0.265937 -0.001325
v -2.409419 -0.265564 0.101685
v -2.323587 -0.265937 -0.001325
v -2.424179 -0.288198 0.073609
v -2.409419 -0.265564 0.101685
v -2.323587 -0.265937 -0.001325
v -2.315160 -0.309890 -0.001325
v -2.424179 -0.288198 0.073609
v -2.315160 -0.309890 -0.001325
v -2.416813 -0.326420 0.073609
v -2.424179 -0.288198 0.073609
v -2.315160 -0.309890 -0.001325
v -2.289730 -0.327774 0.030932
v -2.416813 -0.326420 0.073609
v -2.289730 -0.327774 0.030932
v -2.394692 -0.342010 0.101685
v -2.416813 -0.326420 0.073609
v -2.335471 -0.333729 0.030932
v -2.350989 -0.279197 -0.001824
v -2.301079 -0.316446 -0.022038
v -2.335471 -0.333729 0.030932
v -2.301079 -0.316446 -0.022038
v -2.270211 -0.339440 0.030932
v -2.335471 -0.333729 0.030932
v -2.270211 -0.339440 0.030932
v -2.301079 -0.316446 0.083902
v -2.335471 -0.333729 0.030932
v -2.301079 -0.316446 0.083902
v -2.350989 -0.279197 0.063688
v -2.335471 -0.333729 0.030932
v -2.350989 -0.279197 0.063688
v -2.350989 -0.279197 -0.001824
v -2.270211 -0.339440 0.030932
v -2.301079 -0.316446 -0.022038
v -2.245453 -0.288435 -0.001824
v -2.301079 -0.316446 -0.022038
v -2.350989 -0.279197 -0.001824
v -2.295363 -0.251185 -0.022038
v -2.350989 -0.279197 -0.001824
v -2.350989 -0.279197 0.063688
v -2.326232 -0.228192 0.030932
v -2.350989 -0.279197 0.063688
v -2.301079 -0.316446 0.083902
v -2.295363 -0.251185 0.083902
v -2.301079 -0.316446 0.083902
v -2.270211 -0.339440 0.030932
v -2.245453 -0.288435 0.063688
v -2.260972 -0.233902 0.030932
v -2.245453 -0.288435 -0.001824
v -2.295363 -0.251185 -0.022038
v -2.260972 -0.233902 0.030932
v -2.295363 -0.251185 -0.022038
v -2.326232 -0.228192 0.030932
v -2.260972 -0.233902 0.030932
v -2.326232 -0.228192 0.030932
v -2.295363 -0.251185 0.083902
v -2.260972 -0.233902 0.030932
v -2.295363 -0.251185 0.083902
v -2.245453 -0.288435 0.063688
v -2.260972 -0.233902 0.030932
v -2.245453 -0.288435 0.063688
v -2.245453 -0.288435 -0.001824
v -2.295363 -0.251185 -0.022038
v -2.245453 -0.288435 -0.001824
v -2.301079 -0.316446 -0.022038
v -2.326232 -0.228192 0.030932
v -2.295363 -0.251185 -0.022038
v -2.350989 -0.279197 -0.001824
v -2.295363 -0.251185 0.083902
v -2.326232 -0.228192 0.030932
v -2.350989 -0.279197 0.063688
v -2.245453 -0.288435 0.063688
v -2.295363 -0.251185 0.083902
v -2.301079 -0.316446 0.083902
v -2.245453 -0.288435 -0.001824
v -2.245453 -0.288435 0.063688
v -2.270211 -0.339440 0.030932
v -2.434057 -0.346706 0.101685
v -2.447428 -0.299816 0.073484
v -2.404511 -0.331820 0.056138
v -2.434057 -0.346706 0.101685
v -2.404511 -0.331820 0.056138
v -2.377996 -0.351615 0.101685
v -2.434057 -0.346706 0.101685
v -2.377996 -0.351615 0.101685
v -2.404511 -0.331820 0.147168
v -2.434057 -0.346706 0.101685
v -2.404511 -0.331820 0.147168
v -2.447428 -0.299816 0.129823
v -2.434057 -0.346706 0.101685
v -2.447428 -0.299816 0.129823
v -2.447428 -0.299816 0.073484
v -2.377996 -0.351615 0.101685
v -2.404511 -0.331820 0.056138
v -2.356685 -0.307759 0.073484
v -2.404511 -0.331820 0.056138
v -2.447428 -0.299816 0.073484
v -2.399602 -0.275757 0.056138
v -2.447428 -0.299816 0.073484
v -2.447428 -0.299816 0.129823
v -2.426117 -0.255964 0.101685
v -2.447428 -0.299816 0.129823
v -2.404511 -0.331820 0.147168
v -2.399602 -0.275757 0.147168
v -2.404511 -0.331820 0.147168
v -2.377996 -0.351615 0.101685
v -2.356685 -0.307759 0.129823
v -2.370055 -0.260868 0.101685
v -2.356685 -0.307759 0.073484
v -2.399602 -0.275757 0.056138
v -2.370055 -0.260868 0.101685
v -2.399602 -0.275757 0.056138
v -2.426117 -0.255964 0.101685
v -2.370055 -0.260868 0.101685
v -2.426117 -0.255964 0.101685
v -2.399602 -0.275757 0.147168
v -2.370055 -0.260868 0.101685
v -2.399602 -0.275757 0.147168
v -2.356685 -0.307759 0.129823
v -2.370055 -0.260868 0.101685
v -2.356685 -0.307759 0.129823
v -2.356685 -0.307759 0.073484
v -2.399602 -0.275757 0.056138
v -2.356685 -0.307759 0.073484
v -2.404511 -0.331820 0.056138
v -2.426117 -0.255964 0.101685
v -2.399602 -0.275757 0.056138
v -2.447428 -0.299816 0.073484
v -2.399602 -0.275757 0.147168
v -2.426117 -0.255964 0.101685
v -2.447428 -0.299816 0.129823
v -2.356685 -0.307759 0.129823
v -2.399602 -0.275757 0.147168
v -2.404511 -0.331820 0.147168
v -2.356685 -0.307759 0.073484
v -2.356685 -0.307759 0.129823
v -2.377996 -0.351615 0.101685
v -1.597636 -0.102005 -0.104831
v -1.591538 -0.069530 -0.047680
v -1.828373 -0.058448 -0.100027
v -1.591538 -0.069530 -0.047680
v -1.823085 -0.030228 -0.050363
v -1.828373 -0.058448 -0.100027
v -1.591538 -0.069530 -0.047680
v -1.581690 -0.004258 -0.047680
v -1.823085 -0.030228 -0.050363
v -1.581690 -0.004258 -0.047680
v -1.814548 0.026521 -0.050363
v -1.823085 -0.030228 -0.050363
v -1.581690 -0.004258 -0.047680
v -1.577943 0.028548 -0.104831
v -1.814548 0.026521 -0.050363
v -1.577943 0.028548 -0.104831
v -1.811239 0.055041 -0.100027
v -1.814548 0.026521 -0.050363
v -1.577943 0.028548 -0.104831
v -1.584042 -0.003926 -0.161981
v -1.811239 0.055041 -0.100027
v -1.584042 -0.003926 -0.161981
v -1.816528 0.026820 -0.149752
v -1.811239 0.055041 -0.100027
v -1.584042 -0.003926 -0.161981
v -1.593888 -0.069199 -0.161981
v -1.816528 0.026820 -0.149752
v -1.593888 -0.069199 -0.161981
v -1.825125 -0.029922 -0.149752
v -1.816528 0.026820 -0.149752
v -1.593888 -0.069199 -0.161981
v -1.597636 -0.102005 -0.104831
v -1.825125 -0.029922 -0.149752
v -1.597636 -0.102005 -0.104831
v -1.828373 -0.058448 -0.100027
v -1.825125 -0.029922 -0.149752
v -1.642709 -0.110335 -0.104831
v -1.665607 -0.029917 -0.153122
v -1.592001 -0.084835 -0.182945
v -1.642709 -0.110335 -0.104831
v -1.592001 -0.084835 -0.182945
v -1.546493 -0.118755 -0.104831
v -1.642709 -0.110335 -0.104831
v -1.546493 -0.118755 -0.104831
v -1.592001 -0.084835 -0.026718
v -1.642709 -0.110335 -0.104831
v -1.592001 -0.084835 -0.026718
v -1.665607 -0.029917 -0.056541
v -1.642709 -0.110335 -0.104831
v -1.665607 -0.029917 -0.056541
v -1.665607 -0.029917 -0.153122
v -1.546493 -0.118755 -0.104831
v -1.592001 -0.084835 -0.182945
v -1.509973 -0.043540 -0.153122
v -1.592001 -0.084835 -0.182945
v -1.665607 -0.029917 -0.153122
v -1.583581 0.011378 -0.182945
v -1.665607 -0.029917 -0.153122
v -1.665607 -0.029917 -0.056541
v -1.629086 0.045298 -0.104831
v -1.665607 -0.029917 -0.056541
v -1.592001 -0.084835 -0.026718
v -1.583581 0.011378 -0.026718
v -1.592001 -0.084835 -0.026718
v -1.546493 -0.118755 -0.104831
v -1.509973 -0.043540 -0.056541
v -1.532873 0.036878 -0.104831
v -1.509973 -0.043540 -0.153122
v -1.583581 0.011378 -0.182945
v -1.532873 0.036878 -0.104831
v -1.583581 0.011378 -0.182945
v -1.629086 0.045298 -0.104831
v -1.532873 0.036878 -0.104831
v -1.629086 0.045298 -0.104831
v -1.583581 0.011378 -0.026718
v -1.532873 0.036878 -0.104831
v -1.583581 0.011378 -0.026718
v -1.509973 -0.043540 -0.056541
v -1.532873 0.036878 -0.104831
v -1.509973 -0.043540 -0.056541
v -1.509973 -0.043540 -0.153122
v -1.583581 0.011378 -0.182945
v -1.509973 -0.043540 -0.153122
v -1.592001 -0.084835 -0.182945
v -1.629086 0.045298 -0.104831
v -1.583581 0.011378 -0.182945
v -1.665607 -0.029917 -0.153122
v -1.583581 0.011378 -0.026718
v -1.629086 0.045298 -0.104831
v -1.665607 -0.029917 -0.056541
v -1.509973 -0.043540 -0.056541
v -1.583581 0.011378 -0.026718
v -1.592001 -0.084835 -0.026718
v -1.509973 -0.043540 -0.153122
v -1.509973 -0.043540 -0.056541
v -1.546493 -0.118755 -0.104831
v -1.828373 -0.058448 -0.100027
v -1.814618 -0.031532 -0.051299
v -2.006174 -0.024034 -0.064463
v -1.814618 -0.031532 -0.051299
v -1.994227 -0.000590 -0.022038
v -2.006174 -0.024034 -0.064463
v -1.814618 -0.031532 -0.051299
v -1.806015 0.025275 -0.051299
v -1.994227 -0.000590 -0.022038
v -1.806015 0.025275 -0.051299
v -1.986778 0.048734 -0.022038
v -1.994227 -0.000590 -0.022038
v -1.806015 0.025275 -0.051299
v -1.811239 0.055041 -0.100027
v -1.986778 0.048734 -0.022038
v -1.811239 0.055041 -0.100027
v -1.991271 0.074681 -0.064463
v -1.986778 0.048734 -0.022038
v -1.811239 0.055041 -0.100027
v -1.824992 0.028125 -0.148816
v -1.991271 0.074681 -0.064463
v -1.824992 0.028125 -0.148816
v -2.003280 0.051243 -0.106890
v -1.991271 0.074681 -0.064463
v -1.824992 0.028125 -0.148816
v -1.833591 -0.028618 -0.148816
v -2.003280 0.051243 -0.106890
v -1.833591 -0.028618 -0.148816
v -2.010736 0.001854 -0.106890
v -2.003280 0.051243 -0.106890
v -1.833591 -0.028618 -0.148816
v -1.828373 -0.058448 -0.100027
v -2.010736 0.001854 -0.106890
v -1.828373 -0.058448 -0.100027
v -2.006174 -0.024034 -0.064463
v -2.010736 0.001854 -0.106890
v -1.867590 -0.065725 -0.100027
v -1.887461 0.004218 -0.142017
v -1.823498 -0.043531 -0.167972
v -1.867590 -0.065725 -0.100027
v -1.823498 -0.043531 -0.167972
v -1.783931 -0.073047 -0.100027
v -1.867590 -0.065725 -0.100027
v -1.783931 -0.073047 -0.100027
v -1.823498 -0.043531 -0.032081
v -1.867590 -0.065725 -0.100027
v -1.823498 -0.043531 -0.032081
v -1.887461 0.004218 -0.058038
v -1.867590 -0.065725 -0.100027
v -1.887461 0.004218 -0.058038
v -1.887461 0.004218 -0.142017
v -1.783931 -0.073047 -0.100027
v -1.823498 -0.043531 -0.167972
v -1.752152 -0.007625 -0.142017
v -1.823498 -0.043531 -0.167972
v -1.887461 0.004218 -0.142017
v -1.816177 0.040128 -0.167972
v -1.887461 0.004218 -0.142017
v -1.887461 0.004218 -0.058038
v -1.855742 0.069646 -0.100027
v -1.887461 0.004218 -0.058038
v -1.823498 -0.043531 -0.032081
v -1.816177 0.040128 -0.032081
v -1.823498 -0.043531 -0.032081
v -1.783931 -0.073047 -0.100027
v -1.752152 -0.007625 -0.058038
v -1.772083 0.062323 -0.100027
v -1.752152 -0.007625 -0.142017
v -1.816177 0.040128 -0.167972
v -1.772083 0.062323 -0.100027
v -1.816177 0.040128 -0.167972
v -1.855742 0.069646 -0.100027
v -1.772083 0.062323 -0.100027
v -1.855742 0.069646 -0.100027
v -1.816177 0.040128 -0.032081
v -1.772083 0.062323 -0.100027
v -1.816177 0.040128 -0.032081
v -1.752152 -0.007625 -0.058038
v -1.772083 0.062323 -0.100027
v -1.752152 -0.007625 -0.058038
v -1.752152 -0.007625 -0.142017
v -1.816177 0.040128 -0.167972
v -1.752152 -0.007625 -0.142017
v -1.823498 -0.043531 -0.167972
v -1.855742 0.069646 -0.100027
v -1.816177 0.040128 -0.167972
v -1.887461 0.004218 -0.142017
v -1.816177 0.040128 -0.032081
v -1.855742 0.069646 -0.100027
v -1.887461 0.004218 -0.058038
v -1.752152 -0.007625 -0.058038
v -1.816177 0.040128 -0.032081
v -1.823498 -0.043531 -0.032081
v -1.752152 -0.007625 -0.142017
v -1.752152 -0.007625 -0.058038
v -1.783931 -0.073047 -0.100027
v -2.006291 -0.024649 -0.064463
v -1.985602 -0.002223 -0.024159
v -2.132433 0.001045 -0.009871
v -1.985602 -0.002223 -0.024159
v -2.114442 0.020576 0.025132
v -2.132433 0.001045 -0.009871
v -1.985602 -0.002223 -0.024159
v -1.978036 0.047719 -0.024159
v -2.114442 0.020576 0.025132
v -1.978036 0.047719 -0.024159
v -2.107886 0.063970 0.025132
v -2.114442 0.020576 0.025132
v -1.978036 0.047719 -0.024159
v -1.991222 0.075240 -0.064463
v -2.107886 0.063970 0.025132
v -1.991222 0.075240 -0.064463
v -2.119316 0.087954 -0.009871
v -2.107886 0.063970 0.025132
v -1.991222 0.075240 -0.064463
v -2.011849 0.052809 -0.104706
v -2.119316 0.087954 -0.009871
v -2.011849 0.052809 -0.104706
v -2.137308 0.068423 -0.044872
v -2.119316 0.087954 -0.009871
v -2.011849 0.052809 -0.104706
v -2.019415 0.002864 -0.104706
v -2.137308 0.068423 -0.044872
v -2.019415 0.002864 -0.104706
v -2.143862 0.025030 -0.044872
v -2.137308 0.068423 -0.044872
v -2.019415 0.002864 -0.104706
v -2.006291 -0.024649 -0.064463
v -2.143862 0.025030 -0.044872
v -2.006291 -0.024649 -0.064463
v -2.132433 0.001045 -0.009871
v -2.143862 0.025030 -0.044872
v -2.040732 -0.031031 -0.064463
v -2.058269 0.030503 -0.101399
v -2.001947 -0.011504 -0.124234
v -2.040732 -0.031031 -0.064463
v -2.001947 -0.011504 -0.124234
v -1.967142 -0.037471 -0.064463
v -2.040732 -0.031031 -0.064463
v -1.967142 -0.037471 -0.064463
v -2.001947 -0.011504 -0.004692
v -2.040732 -0.031031 -0.064463
v -2.001947 -0.011504 -0.004692
v -2.058269 0.030503 -0.027529
v -2.040732 -0.031031 -0.064463
v -2.058269 0.030503 -0.027529
v -2.058269 0.030503 -0.101399
v -1.967142 -0.037471 -0.064463
v -2.001947 -0.011504 -0.124234
v -1.939183 0.020081 -0.101399
v -2.001947 -0.011504 -0.124234
v -2.058269 0.030503 -0.101399
v -1.995507 0.062088 -0.124234
v -2.058269 0.030503 -0.101399
v -2.058269 0.030503 -0.027529
v -2.030310 0.088057 -0.064463
v -2.058269 0.030503 -0.027529
v -2.001947 -0.011504 -0.004692
v -1.995507 0.062088 -0.004692
v -2.001947 -0.011504 -0.004692
v -1.967142 -0.037471 -0.064463
v -1.939183 0.020081 -0.027529
v -1.956718 0.081615 -0.064463
v -1.939183 0.020081 -0.101399
v -1.995507 0.062088 -0.124234
v -1.956718 0.081615 -0.064463
v -1.995507 0.062088 -0.124234
v -2.030310 0.088057 -0.064463
v -1.956718 0.081615 -0.064463
v -2.030310 0.088057 -0.064463
v -1.995507 0.062088 -0.004692
v -1.956718 0.081615 -0.064463
v -1.995507 0.062088 -0.004692
v -1.939183 0.020081 -0.027529
v -1.956718 0.081615 -0.064463
v -1.939183 0.020081 -0.027529
v -1.939183 0.020081 -0.101399
v -1.995507 0.062088 -0.124234
v -1.939183 0.020081 -0.101399
v -2.001947 -0.011504 -0.124234
v -2.030310 0.088057 -0.064463
v -1.995507 0.062088 -0.124234
v -2.058269 0.030503 -0.101399
v -1.995507 0.062088 -0.004692
v -2.030310 0.088057 -0.064463
v -2.058269 0.030503 -0.027529
v -1.939183 0.020081 -0.027529
v -1.995507 0.062088 -0.004692
v -2.001947 -0.011504 -0.004692
v -1.939183 0.020081 -0.101399
v -1.939183 0.020081 -0.027529
v -1.967142 -0.037471 -0.064463
v -2.161987 -0.003884 -0.009871
v -2.177088 0.048981 -0.041629
v -2.128644 0.012865 -0.061218
v -2.161987 -0.003884 -0.009871
v -2.128644 0.012865 -0.061218
v -2.098717 -0.009420 -0.009871
v -2.161987 -0.003884 -0.009871
v -2.098717 -0.009420 -0.009871
v -2.128644 0.012865 0.041539
v -2.161987 -0.003884 -0.009871
v -2.128644 0.012865 0.041539
v -2.177088 0.048981 0.021887
v -2.161987 -0.003884 -0.009871
v -2.177088 0.048981 0.021887
v -2.177088 0.048981 -0.041629
v -2.098717 -0.009420 -0.009871
v -2.128644 0.012865 -0.061218
v -2.074721 0.040023 -0.041629
v -2.128644 0.012865 -0.061218
v -2.177088 0.048981 -0.041629
v -2.123107 0.076136 -0.061218
v -2.177088 0.048981 -0.041629
v -2.177088 0.048981 0.021887
v -2.153033 0.098423 -0.009871
v -2.177088 0.048981 0.021887
v -2.128644 0.012865 0.041539
v -2.123107 0.076136 0.041539
v -2.128644 0.012865 0.041539
v -2.098717 -0.009420 -0.009871
v -2.074721 0.040023 0.021887
v -2.089762 0.092884 -0.009871
v -2.074721 0.040023 -0.041629
v -2.123107 0.076136 -0.061218
v -2.089762 0.092884 -0.009871
v -2.123107 0.076136 -0.061218
v -2.153033 0.098423 -0.009871
v -2.089762 0.092884 -0.009871
v -2.153033 0.098423 -0.009871
v -2.123107 0.076136 0.041539
v -2.089762 0.092884 -0.009871
v -2.123107 0.076136 0.041539
v -2.074721 0.040023 0.021887
v -2.089762 0.092884 -0.009871
v -2.074721 0.040023 0.021887
v -2.074721 0.040023 -0.041629
v -2.123107 0.076136 -0.061218
v -2.074721 0.040023 -0.041629
v -2.128644 0.012865 -0.061218
v -2.153033 0.098423 -0.009871
v -2.123107 0.076136 -0.061218
v -2.177088 0.048981 -0.041629
v -2.123107 0.076136 0.041539
v -2.153033 0.098423 -0.009871
v -2.177088 0.048981 0.021887
v -2.074721 0.040023 0.021887
v -2.123107 0.076136 0.041539
v -2.128644 0.012865 0.041539
v -2.074721 0.040023 -0.041629
v -2.074721 0.040023 0.021887
v -2.098717 -0.009420 -0.009871
vn -0.6252 -0.5249 -0.5776
vn -0.0814 -0.9306 -0.3570
vn -0.0814 -0.9306 0.3570
vn -0.6251 -0.5251 0.5775
vn -0.9617 -0.2742 -0.0000
vn 0.5248 -0.6255 -0.5774
vn -0.3554 0.0311 -0.9342
vn -0.8995 0.4369 -0.0000
vn -0.3549 0.0311 0.9344
vn 0.5246 -0.6257 0.5773
vn 0.6257 0.5246 -0.5774
vn 0.0814 0.9306 -0.3570
vn 0.0814 0.9306 0.3570
vn 0.6255 0.5248 0.5773
vn 0.9617 0.2740 -0.0000
vn 0.3556 -0.0311 -0.9341
vn -0.5248 0.6253 -0.5776
vn -0.5246 0.6255 0.5776
vn 0.3551 -0.0311 0.9343
vn 0.8994 -0.4370 -0.0000
vn -0.6257 -0.5245 -0.5774
vn -0.0814 -0.9306 -0.3569
vn -0.6255 -0.5248 0.5774
vn -0.9617 -0.2740 -0.0000
vn 0.5248 -0.6253 -0.5776
vn -0.3556 0.0311 -0.9341
vn -0.8994 0.4370 -0.0000
vn -0.3551 0.0311 0.9343
vn 0.5246 -0.6255 0.5776
vn 0.6253 0.5249 -0.5776
vn 0.0815 0.9306 -0.3569
vn 0.0815 0.9306 0.3570
vn 0.6251 0.5251 0.5775
vn 0.9617 0.2741 -0.0000
vn 0.3554 -0.0311 -0.9342
vn -0.5248 0.6255 -0.5773
vn -0.5246 0.6257 0.5773
vn 0.3549 -0.0311 0.9344
vn 0.8995 -0.4369 -0.0000
vn -0.5844 -0.4443 -0.6790
vn -0.0772 -0.8819 -0.4651
vn -0.0772 -0.8820 0.4649
vn -0.5845 -0.4445 0.6788
vn -0.9697 -0.2443 -0.0000
vn 0.4981 -0.5391 -0.6792
vn -0.2913 0.0255 -0.9563
vn -0.9125 0.4091 -0.0000
vn -0.2913 0.0255 0.9563
vn 0.4982 -0.5393 0.6790
vn 0.5841 0.4445 -0.6792
vn 0.0772 0.8819 -0.4651
vn 0.0772 0.8820 0.4649
vn 0.5842 0.4447 0.6790
vn 0.9697 0.2444 -0.0000
vn 0.2912 -0.0255 -0.9563
vn -0.4982 0.5392 -0.6790
vn -0.4982 0.5394 0.6788
vn 0.2912 -0.0255 0.9563
vn 0.9125 -0.4090 -0.0000
vn 0.3105 -0.8104 0.4969
vn 0.3105 -0.8104 0.4968
vn 0.1449 0.0440 0.9885
vn -0.1915 0.8461 0.4974
vn -0.1923 0.8467 0.4961
vn -0.3632 0.7944 -0.4869
vn -0.3631 0.7947 -0.4864
vn -0.1973 -0.0598 -0.9785
vn -0.1973 -0.0599 -0.9785
vn 0.1392 -0.8624 -0.4867
vn 0.1392 -0.8622 -0.4872
vn -0.6255 -0.5248 -0.5774
vn -0.0815 -0.9308 -0.3564
vn -0.0815 -0.9308 0.3564
vn -0.6255 -0.5248 0.5773
vn -0.9618 -0.2739 -0.0000
vn 0.5252 -0.6255 -0.5771
vn -0.3557 0.0311 -0.9341
vn -0.8997 0.4366 -0.0000
vn -0.3557 0.0311 0.9341
vn 0.5252 -0.6255 0.5770
vn 0.6261 0.5244 -0.5771
vn 0.0814 0.9308 -0.3564
vn 0.0814 0.9308 0.3564
vn 0.6261 0.5244 0.5771
vn 0.9618 0.2736 -0.0000
vn 0.3560 -0.0312 -0.9340
vn -0.5251 0.6252 -0.5774
vn -0.5251 0.6252 0.5774
vn 0.3560 -0.0312 0.9340
vn 0.8996 -0.4368 -0.0000
vn 0.3670 -0.7931 0.4861
vn 0.3669 -0.7927 0.4869
vn 0.2633 0.0795 0.9614
vn 0.2632 0.0797 0.9614
vn -0.1352 0.8632 0.4863
vn -0.1357 0.8635 0.4858
vn -0.4310 0.7735 -0.4647
vn -0.4304 0.7746 -0.4635
vn -0.3273 -0.0994 -0.9397
vn -0.3273 -0.0992 -0.9397
vn 0.0715 -0.8826 -0.4647
vn -0.6255 -0.5248 -0.5773
vn -0.6258 -0.5244 0.5774
vn -0.9618 -0.2736 -0.0000
vn 0.5248 -0.6258 -0.5770
vn -0.3551 0.0311 -0.9343
vn -0.8997 0.4365 -0.0000
vn -0.3558 0.0311 0.9340
vn 0.6252 0.5252 -0.5773
vn 0.0814 0.9305 -0.3572
vn 0.0814 0.9305 0.3572
vn 0.6255 0.5248 0.5774
vn 0.9616 0.2744 -0.0000
vn 0.3551 -0.0311 -0.9343
vn -0.5244 0.6255 -0.5777
vn -0.5248 0.6252 0.5777
vn 0.3558 -0.0311 0.9340
vn 0.8994 -0.4372 -0.0000
vn 0.4463 -0.7689 0.4578
vn 0.4462 -0.7685 0.4586
vn 0.4262 0.1293 0.8953
vn 0.4263 0.1292 0.8953
vn -0.0561 0.8874 0.4575
vn -0.0556 0.8873 0.4579
vn -0.5172 0.7475 -0.4169
vn -0.5177 0.7468 -0.4174
vn -0.4972 -0.1511 -0.8544
vn -0.4972 -0.1514 -0.8543
vn -0.0156 -0.9086 -0.4173
vn -0.0154 -0.9089 -0.4168
vn -0.6252 -0.5253 -0.5773
vn -0.0814 -0.9307 -0.3566
vn -0.0814 -0.9306 0.3569
vn -0.6251 -0.5249 0.5777
vn -0.9617 -0.2741 -0.0000
vn 0.5248 -0.6259 -0.5769
vn -0.3552 0.0311 -0.9343
vn -0.8995 0.4370 -0.0000
vn -0.3552 0.0311 0.9343
vn 0.5248 -0.6255 0.5774
vn 0.6256 0.5252 -0.5769
vn 0.0814 0.9307 -0.3565
vn 0.0814 0.9306 0.3569
vn 0.3555 -0.0311 -0.9342
vn -0.5244 0.6259 -0.5773
vn -0.5244 0.6255 0.5777
vn 0.3555 -0.0311 0.9342
vn 0.8995 -0.4370 -0.0000
vn 0.5043 -0.7511 0.4260
vn 0.5044 -0.7504 0.4271
vn 0.5444 0.1648 0.8225
vn 0.5445 0.1647 0.8224
vn 0.0014 0.9049 0.4257
vn 0.0024 0.9047 0.4261
vn -0.5803 0.7276 -0.3659
vn -0.5802 0.7277 -0.3658
vn -0.6205 -0.1878 -0.7614
vn -0.6205 -0.1887 -0.7611
vn -0.0776 -0.9280 -0.3644
vn -0.0782 -0.9273 -0.3661
vn -0.6246 -0.5255 -0.5777
vn -0.0814 -0.9304 -0.3575
vn -0.0814 -0.9304 0.3575
vn -0.6246 -0.5255 0.5777
vn -0.9615 -0.2747 -0.0000
vn 0.5243 -0.6255 -0.5778
vn -0.3548 0.0311 -0.9344
vn -0.8993 0.4373 -0.0000
vn -0.3548 0.0311 0.9344
vn 0.5243 -0.6255 0.5778
vn 0.6254 0.5244 -0.5778
vn 0.0814 0.9304 -0.3575
vn 0.0814 0.9304 0.3575
vn 0.6254 0.5244 0.5778
vn 0.9619 0.2734 -0.0000
vn 0.3552 -0.0311 -0.9343
vn -0.5243 0.6255 -0.5777
vn -0.5243 0.6255 0.5777
vn 0.3552 -0.0311 0.9343
vn 0.8997 -0.4366 -0.0000
vn -0.6256 -0.5253 -0.5768
vn -0.0815 -0.9310 -0.3559
vn -0.0815 -0.9310 0.3559
vn -0.6256 -0.5253 0.5768
vn -0.9615 -0.2746 -0.0000
vn 0.5249 -0.6260 -0.5768
vn -0.8994 0.4371 -0.0000
vn 0.5249 -0.6260 0.5768
vn 0.6260 0.5247 -0.5769
vn 0.0815 0.9310 -0.3559
vn 0.0815 0.9310 0.3559
vn 0.6260 0.5247 0.5769
vn 0.9617 0.2742 -0.0000
vn 0.3557 -0.0311 -0.9341
vn -0.5254 0.6255 -0.5769
vn -0.5254 0.6254 0.5769
vn 0.3557 -0.0311 0.9341
vn 0.8992 -0.4375 -0.0000
vn 0.1005 -0.8601 0.5001
vn 0.1004 -0.8597 0.5008
vn 0.0263 0.0030 0.9997
vn 0.0263 0.0030 0.9996
vn -0.0979 0.8606 0.4999
vn -0.0978 0.8603 0.5003
vn -0.1477 0.8547 -0.4977
vn -0.1476 0.8548 -0.4975
vn -0.0735 -0.0085 -0.9973
vn 0.0507 -0.8655 -0.4983
vn 0.0507 -0.8659 -0.4977
vn -0.0815 -0.9305 -0.3571
vn -0.0815 -0.9305 0.3571
vn -0.9616 -0.2743 -0.0000
vn -0.8994 0.4372 -0.0000
vn 0.6255 0.5248 -0.5774
vn 0.0814 0.9305 -0.3571
vn 0.0814 0.9305 0.3571
vn 0.9616 0.2743 -0.0000
vn -0.5248 0.6255 -0.5774
vn -0.5248 0.6255 0.5774
vn 0.1630 -0.8526 0.4965
vn 0.1630 -0.8524 0.4969
vn 0.1570 0.0181 0.9874
vn 0.1570 0.0180 0.9874
vn -0.0351 0.8674 0.4963
vn -0.0352 0.8676 0.4961
vn -0.2212 0.8459 -0.4853
vn -0.2213 0.8456 -0.4857
vn -0.2152 -0.0248 -0.9763
vn -0.2152 -0.0250 -0.9762
vn -0.0229 -0.8741 -0.4851
vn -0.0229 -0.8743 -0.4848
vn -0.6251 -0.5249 -0.5777
vn -0.0814 -0.9305 -0.3572
vn -0.0814 -0.9305 0.3572
vn -0.6254 -0.5245 0.5778
vn -0.9619 -0.2736 -0.0000
vn 0.5245 -0.6259 -0.5773
vn -0.3550 0.0311 -0.9343
vn 0.6256 0.5251 -0.5770
vn 0.0815 0.9308 -0.3564
vn 0.0815 0.9308 0.3564
vn 0.6259 0.5247 0.5770
vn 0.3550 -0.0311 -0.9343
vn -0.5252 0.6251 0.5774
vn 0.8993 -0.4372 -0.0000
vn 0.2561 -0.8420 0.4747
vn 0.2561 -0.8414 0.4759
vn 0.3472 0.0398 0.9370
vn 0.3469 0.0404 0.9370
vn 0.0579 0.8778 0.4756
vn 0.0579 0.8778 0.4755
vn -0.3226 0.8341 -0.4475
vn -0.3224 0.8343 -0.4472
vn -0.4136 -0.0478 -0.9092
vn -0.4135 -0.0474 -0.9093
vn -0.1242 -0.8857 -0.4473
vn -0.1243 -0.8855 -0.4478
vn -0.0815 -0.9307 0.3565
vn -0.6256 -0.5252 0.5769
vn 0.5248 -0.6255 -0.5773
vn -0.3555 0.0311 -0.9341
vn -0.3555 0.0311 0.9341
vn 0.5249 -0.6259 0.5769
vn 0.0815 0.9307 0.3565
vn 0.6256 0.5252 0.5769
vn -0.5249 0.6259 0.5769
vn 0.3555 -0.0311 0.9341
vn 0.3276 -0.8331 0.4457
vn 0.3277 -0.8326 0.4466
vn 0.4920 0.0567 0.8687
vn 0.4921 0.0566 0.8687
vn 0.1287 0.8858 0.4458
vn 0.1291 0.8856 0.4462
vn -0.3994 0.8248 -0.4002
vn -0.3988 0.8253 -0.3997
vn -0.5640 -0.0650 -0.8232
vn -0.5640 -0.0646 -0.8233
vn -0.2006 -0.8941 -0.4004
vn -0.2005 -0.8942 -0.4003
vn -0.6254 -0.5244 -0.5778
vn -0.6254 -0.5244 0.5778
vn -0.9619 -0.2734 -0.0000
vn 0.5248 -0.6251 -0.5778
vn -0.8996 0.4367 -0.0000
vn 0.5248 -0.6251 0.5778
vn 0.6255 0.5248 -0.5773
vn 0.0814 0.9307 0.3565
vn 0.9618 0.2737 -0.0000
vn -0.5248 0.6255 0.5773
vn 0.8998 -0.4363 -0.0000
vn -0.6251 -0.5254 -0.5773
vn -0.0814 -0.9304 0.3574
vn -0.6249 -0.5249 0.5778
vn 0.5243 -0.6260 -0.5773
vn -0.3546 0.0310 -0.9345
vn -0.3545 0.0310 0.9345
vn 0.5242 -0.6255 0.5778
vn 0.6250 0.5254 -0.5773
vn 0.0814 0.9305 -0.3570
vn 0.0814 0.9304 0.3574
vn 0.6249 0.5249 0.5779
vn 0.3545 -0.0310 -0.9345
vn -0.5243 0.6260 -0.5772
vn -0.5243 0.6255 0.5778
vn 0.3545 -0.0310 0.9345
vn 0.8994 -0.4371 -0.0000
vn 0.2417 -0.8317 0.4999
vn 0.2420 -0.8324 0.4986
vn 0.0914 0.0226 0.9956
vn -0.1730 0.8488 0.4996
vn -0.1734 0.8492 0.4988
vn -0.2873 0.8209 -0.4936
vn -0.2872 0.8210 -0.4935
vn -0.1366 -0.0337 -0.9901
vn -0.1366 -0.0336 -0.9901
vn 0.1278 -0.8600 -0.4941
vn 0.1278 -0.8605 -0.4932
vn -0.6258 -0.5245 -0.5774
vn -0.6258 -0.5245 0.5774
vn -0.3560 0.0312 -0.9340
vn -0.3560 0.0312 0.9340
vn 0.5248 -0.6255 0.5773
vn 0.3017 -0.8173 0.4910
vn 0.2162 0.0532 0.9749
vn 0.2161 0.0535 0.9749
vn -0.1132 0.8637 0.4910
vn -0.1136 0.8640 0.4905
vn -0.3573 0.8035 -0.4761
vn -0.3573 0.8035 -0.4762
vn -0.2718 -0.0672 -0.9600
vn 0.0579 -0.8775 -0.4761
vn 0.0580 -0.8777 -0.4757
vn -0.6258 -0.5244 -0.5774
vn 0.5252 -0.6255 -0.5770
vn -0.3558 0.0311 -0.9340
vn -0.3550 0.0311 0.9343
vn 0.5248 -0.6258 0.5770
vn 0.6252 0.5252 0.5773
vn 0.3558 -0.0311 -0.9340
vn -0.5248 0.6252 -0.5777
vn 0.3550 -0.0311 0.9343
vn 0.3876 -0.7959 0.4651
vn 0.3876 -0.7960 0.4649
vn 0.3920 0.0967 0.9149
vn 0.3921 0.0965 0.9148
vn -0.0274 0.8848 0.4652
vn -0.0265 0.8844 0.4660
vn -0.4501 0.7805 -0.4338
vn -0.4509 0.7795 -0.4348
vn -0.4546 -0.1123 -0.8836
vn -0.4546 -0.1125 -0.8836
vn -0.0358 -0.8998 -0.4348
vn -0.0357 -0.9001 -0.4342
vn -0.6254 -0.5245 -0.5778
vn -0.0815 -0.9306 -0.3569
vn -0.0815 -0.9306 0.3569
vn -0.9618 -0.2737 -0.0000
vn 0.5252 -0.6251 -0.5774
vn 0.5252 -0.6251 0.5774
vn 0.0815 0.9306 0.3569
vn 0.8996 -0.4367 -0.0000
vn 0.4518 -0.7795 0.4340
vn 0.4517 -0.7798 0.4335
vn 0.5226 0.1290 0.8428
vn 0.5225 0.1292 0.8428
vn 0.0369 0.9005 0.4334
vn -0.5187 0.7635 -0.3847
vn -0.5896 -0.1455 -0.7945
vn -0.5896 -0.1456 -0.7945
vn -0.1047 -0.9166 -0.3859
vn -0.1045 -0.9168 -0.3854
vn -0.6247 -0.5254 -0.5777
vn -0.0814 -0.9305 0.3571
vn -0.6251 -0.5253 0.5773
vn -0.8993 0.4372 -0.0000
vn -0.3558 0.0311 0.9341
vn 0.0815 0.9304 -0.3575
vn 0.0815 0.9305 0.3571
vn 0.6258 0.5243 0.5774
vn -0.5243 0.6255 -0.5778
vn 0.3561 -0.0312 0.9339
vn 0.8996 -0.4366 -0.0000
vn -0.6254 -0.5244 -0.5779
vn -0.0814 -0.9304 -0.3574
vn -0.0815 -0.9305 0.3570
vn -0.9620 -0.2731 -0.0000
vn 0.5242 -0.6250 -0.5784
vn -0.3549 0.0311 -0.9344
vn -0.8999 0.4360 -0.0000
vn -0.3550 0.0311 0.9344
vn 0.6248 0.5245 -0.5784
vn 0.0814 0.9304 -0.3574
vn 0.0814 0.9305 0.3570
vn 0.6249 0.5249 0.5778
vn 0.9620 0.2730 -0.0000
vn -0.5248 0.6250 -0.5779
vn 0.8999 -0.4360 -0.0000
vn 0.1854 -0.8461 0.4997
vn 0.1856 -0.8464 0.4993
vn 0.0654 0.0126 0.9978
vn -0.1418 0.8546 0.4995
vn -0.1418 0.8547 0.4995
vn -0.2287 0.8377 -0.4960
vn -0.2286 0.8379 -0.4956
vn -0.1087 -0.0209 -0.9939
vn 0.0985 -0.8629 -0.4956
vn 0.0985 -0.8631 -0.4953
vn -0.6252 -0.5252 -0.5773
vn -0.6252 -0.5249 0.5776
vn 0.5245 -0.6258 -0.5773
vn 0.5245 -0.6255 0.5776
vn 0.6252 0.5249 0.5776
vn -0.5245 0.6258 -0.5773
vn -0.5245 0.6255 0.5776
vn 0.2470 -0.8343 0.4929
vn 0.2470 -0.8344 0.4927
vn 0.1936 0.0372 0.9804
vn 0.1936 0.0373 0.9804
vn -0.0803 0.8664 0.4928
vn -0.0794 0.8657 0.4943
vn -0.3001 0.8241 -0.4804
vn -0.3003 0.8237 -0.4809
vn -0.2468 -0.0475 -0.9679
vn -0.2468 -0.0476 -0.9679
vn 0.0269 -0.8762 -0.4811
vn 0.0269 -0.8767 -0.4802
vn -0.6252 -0.5252 0.5773
vn -0.9616 -0.2744 -0.0000
vn 0.5248 -0.6252 -0.5777
vn 0.5244 -0.6255 0.5777
vn 0.6258 0.5244 -0.5774
vn 0.9619 0.2736 -0.0000
vn -0.5252 0.6255 -0.5770
vn -0.5248 0.6258 0.5770
vn 0.8997 -0.4365 -0.0000
vn 0.3365 -0.8167 0.4688
vn 0.3365 -0.8169 0.4683
vn 0.3760 0.0726 0.9238
vn 0.3761 0.0723 0.9238
vn 0.0099 0.8832 0.4690
vn 0.0093 0.8835 0.4684
vn -0.3963 0.8057 -0.4403
vn -0.3971 0.8047 -0.4414
vn -0.4363 -0.0841 -0.8959
vn -0.0694 -0.8949 -0.4408
vn -0.0694 -0.8950 -0.4405
vn -0.6259 -0.5247 -0.5770
vn -0.0815 -0.9309 -0.3561
vn -0.0815 -0.9309 0.3561
vn -0.6259 -0.5247 0.5770
vn 0.0814 0.9306 -0.3569
vn 0.3555 -0.0311 -0.9341
vn 0.4037 -0.8037 0.4371
vn 0.4037 -0.8035 0.4375
vn 0.5132 0.0989 0.8525
vn 0.0767 0.8961 0.4372
vn 0.0772 0.8959 0.4376
vn -0.4686 0.7910 -0.3933
vn -0.4677 0.7919 -0.3926
vn -0.5778 -0.1108 -0.8086
vn -0.5779 -0.1114 -0.8085
vn -0.1415 -0.9089 -0.3924
vn -0.1416 -0.9086 -0.3929
vn -0.0814 -0.9307 0.3566
vn -0.6251 -0.5254 -0.5772
vn -0.0815 -0.9305 -0.3570
vn -0.0815 -0.9304 0.3574
vn -0.6250 -0.5249 0.5778
vn 0.6251 0.5254 -0.5773
vn 0.6250 0.5249 0.5778
vn 0.3546 -0.0310 -0.9345
vn -0.5243 0.6260 -0.5773
vn -0.5242 0.6255 0.5778
vn -0.1505 -0.8526 0.5005
vn -0.0113 0.0017 0.9999
vn 0.1078 0.8592 0.5002
vn 0.1079 0.8590 0.5005
vn 0.0876 0.8621 -0.4992
vn 0.0878 0.8623 -0.4987
vn -0.0515 0.0078 -0.9986
vn -0.1707 -0.8497 -0.4989
vn -0.1708 -0.8498 -0.4987
vn -0.0814 -0.9307 -0.3567
vn -0.0814 -0.9307 0.3567
vn -0.3553 0.0311 -0.9342
vn -0.8996 0.4368 -0.0000
vn -0.3553 0.0311 0.9342
vn 0.0814 0.9307 -0.3567
vn 0.0814 0.9307 0.3567
vn 0.9618 0.2739 -0.0000
vn 0.3553 -0.0311 -0.9342
vn 0.3553 -0.0311 0.9342
vn -0.0680 -0.8651 0.4970
vn -0.0680 -0.8650 0.4971
vn 0.1568 -0.0237 0.9874
vn 0.1903 0.8467 0.4968
vn 0.1906 0.8463 0.4974
vn 0.0001 0.8756 -0.4831
vn -0.0002 0.8753 -0.4835
vn -0.2246 0.0340 -0.9739
vn -0.2247 0.0339 -0.9738
vn -0.2583 -0.8363 -0.4837
vn -0.2585 -0.8367 -0.4828
vn -0.0814 -0.9306 -0.3568
vn -0.0814 -0.9306 0.3568
vn -0.9619 -0.2733 -0.0000
vn -0.3558 0.0311 -0.9341
vn -0.8998 0.4362 -0.0000
vn 0.0815 0.9306 0.3568
vn -0.5252 0.6252 -0.5774
vn 0.0267 -0.8793 0.4755
vn 0.0268 -0.8787 0.4765
vn 0.3487 -0.0528 0.9358
vn 0.3486 -0.0527 0.9358
vn 0.2846 0.8325 0.4753
vn 0.2856 0.8315 0.4765
vn -0.1010 0.8901 -0.4444
vn -0.1013 0.8900 -0.4446
vn -0.4231 0.0641 -0.9038
vn -0.4232 0.0639 -0.9038
vn -0.3596 -0.8208 -0.4439
vn -0.3596 -0.8203 -0.4447
vn -0.3556 0.0311 0.9341
vn 0.3556 -0.0311 0.9341
vn -0.6251 -0.5253 -0.5773
vn -0.0814 -0.9307 -0.3565
vn -0.0814 -0.9309 0.3561
vn -0.3547 0.0310 -0.9345
vn -0.8992 0.4375 -0.0000
vn 0.5253 -0.6255 0.5769
vn 0.0815 0.9307 -0.3565
vn 0.0815 0.9309 0.3561
vn 0.6259 0.5247 0.5769
s 1
f 1//1 2//1 3//1
f 4//2 5//2 6//2
f 7//3 8//3 9//3
f 10//4 11//4 12//4
f 13//5 14//5 15//5
f 16//6 17//6 18//6
f 19//7 20//7 21//7
f 22//8 23//8 24//8
f 25//9 26//9 27//9
f 28//10 29//10 30//10
f 31//11 32//11 33//11
f 34//12 35//12 36//12
f 37//13 38//13 39//13
f 40//14 41//14 42//14
f 43//15 44//15 45//15
f 46//16 47//16 48//16
f 49//17 50//17 51//17
f 52//18 53//18 54//18
f 55//19 56//19 57//19
f 58//20 59//20 60//20
f 61//21 62//21 63//21
f 64//22 65//22 66//22
f 67//3 68//3 69//3
f 70//23 71//23 72//23
f 73//24 74//24 75//24
f 76//25 77//25 78//25
f 79//26 80//26 81//26
f 82//27 83//27 84//27
f 85//28 86//28 87//28
f 88//29 89//29 90//29
f 91//30 92//30 93//30
f 94//31 95//31 96//31
f 97//32 98//32 99//32
f 100//33 101//33 102//33
f 103//34 104//34 105//34
f 106//35 107//35 108//35
f 109//36 110//36 111//36
f 112//37 113//37 114//37
f 115//38 116//38 117//38
f 118//39 119//39 120//39
f 121//40 122//40 123//40
f 124//41 125//41 126//41
f 127//42 128//42 129//42
f 130//43 131//43 132//43
f 133//44 134//44 135//44
f 136//45 137//45 138//45
f 139//46 140//46 141//46
f 142//47 143//47 144//47
f 145//48 146//48 147//48
f 148//49 149//49 150//49
f 151//50 152//50 153//50
f 154//51 155//51 156//51
f 157//52 158//52 159//52
f 160//53 161//53 162//53
f 163//54 164//54 165//54
f 166//55 167//55 168//55
f 169//56 170//56 171//56
f 172//57 173//57 174//57
f 175//58 176//58 177//58
f 178//59 179//59 180//59
f 181//60 182//60 183//60
f 184//61 185//61 186//61
f 187//62 188//62 189//62
f 190//62 191//62 192//62
f 193//63 194//63 195//63
f 196//64 197//64 198//64
f 199//65 200//65 201//65
f 202//66 203//66 204//66
f 205//67 206//67 207//67
f 208//68 209//68 210//68
f 211//69 212//69 213//69
f 214//70 215//70 216//70
f 217//71 218//71 219//71
f 220//72 221//72 222//72
f 223//73 224//73 225//73
f 226//74 227//74 228//74
f 229//75 230//75 231//75
f 232//76 233//76 234//76
f 235//77 236//77 237//77
f 238//78 239//78 240//78
f 241//79 242//79 243//79
f 244//80 245//80 246//80
f 247//81 248//81 249//81
f 250//82 251//82 252//82
f 253//83 254//83 255//83
f 256//84 257//84 258//84
f 259//85 260//85 261//85
f 262//86 263//86 264//86
f 265//87 266//87 267//87
f 268//88 269//88 270//88
f 271//89 272//89 273//89
f 274//90 275//90 276//90
f 277//91 278//91 279//91
f 280//92 281//92 282//92
f 283//93 284//93 285//93
f 286//94 287//94 288//94
f 289//95 290//95 291//95
f 292//96 293//96 294//96
f 295//97 296//97 297//97
f 298//98 299//98 300//98
f 301//99 302//99 303//99
f 304//100 305//100 306//100
f 307//101 308//101 309//101
f 310//101 311//101 312//101
f 313//102 314//102 315//102
f 316//72 317//72 318//72
f 319//73 320//73 321//73
f 322//103 323//103 324//103
f 325//104 326//104 327//104
f 328//105 329//105 330//105
f 331//106 332//106 333//106
f 334//107 335//107 336//107
f 337//108 338//108 339//108
f 340//80 341//80 342//80
f 343//109 344//109 345//109
f 346//110 347//110 348//110
f 349//111 350//111 351//111
f 352//112 353//112 354//112
f 355//113 356//113 357//113
f 358//114 359//114 360//114
f 361//115 362//115 363//115
f 364//116 365//116 366//116
f 367//117 368//117 369//117
f 370//118 371//118 372//118
f 373//119 374//119 375//119
f 376//120 377//120 378//120
f 379//121 380//121 381//121
f 382//122 383//122 384//122
f 385//123 386//123 387//123
f 388//124 389//124 390//124
f 391//125 392//125 393//125
f 394//126 395//126 396//126
f 397//127 398//127 399//127
f 400//128 401//128 402//128
f 403//129 404//129 405//129
f 406//130 407//130 408//130
f 409//131 410//131 411//131
f 412//132 413//132 414//132
f 415//133 416//133 417//133
f 418//134 419//134 420//134
f 421//135 422//135 423//135
f 424//136 425//136 426//136
f 427//137 428//137 429//137
f 430//138 431//138 432//138
f 433//139 434//139 435//139
f 436//140 437//140 438//140
f 439//141 440//141 441//141
f 442//142 443//142 444//142
f 445//143 446//143 447//143
f 448//112 449//112 450//112
f 451//34 452//34 453//34
f 454//144 455//144 456//144
f 457//145 458//145 459//145
f 460//146 461//146 462//146
f 463//147 464//147 465//147
f 466//148 467//148 468//148
f 469//149 470//149 471//149
f 472//150 473//150 474//150
f 475//151 476//151 477//151
f 478//152 479//152 480//152
f 481//153 482//153 483//153
f 484//154 485//154 486//154
f 487//155 488//155 489//155
f 490//156 491//156 492//156
f 493//157 494//157 495//157
f 496//158 497//158 498//158
f 499//159 500//159 501//159
f 502//160 503//160 504//160
f 505//161 506//161 507//161
f 508//162 509//162 510//162
f 511//163 512//163 513//163
f 514//164 515//164 516//164
f 517//165 518//165 519//165
f 520//166 521//166 522//166
f 523//167 524//167 525//167
f 526//168 527//168 528//168
f 529//169 530//169 531//169
f 532//170 533//170 534//170
f 535//171 536//171 537//171
f 538//172 539//172 540//172
f 541//173 542//173 543//173
f 544//174 545//174 546//174
f 547//175 548//175 549//175
f 550//176 551//176 552//176
f 553//177 554//177 555//177
f 556//178 557//178 558//178
f 559//179 560//179 561//179
f 562//180 563//180 564//180
f 565//181 566//181 567//181
f 568//182 569//182 570//182
f 571//183 572//183 573//183
f 574//184 575//184 576//184
f 577//185 578//185 579//185
f 580//186 581//186 582//186
f 583//26 584//26 585//26
f 586//187 587//187 588//187
f 589//79 590//79 591//79
f 592//188 593//188 594//188
f 595//189 596//189 597//189
f 598//190 599//190 600//190
f 601//191 602//191 603//191
f 604//192 605//192 606//192
f 607//193 608//193 609//193
f 610//194 611//194 612//194
f 613//195 614//195 615//195
f 616//196 617//196 618//196
f 619//197 620//197 621//197
f 622//198 623//198 624//198
f 625//199 626//199 627//199
f 628//200 629//200 630//200
f 631//201 632//201 633//201
f 634//202 635//202 636//202
f 637//203 638//203 639//203
f 640//204 641//204 642//204
f 643//205 644//205 645//205
f 646//206 647//206 648//206
f 649//207 650//207 651//207
f 652//207 653//207 654//207
f 655//208 656//208 657//208
f 658//209 659//209 660//209
f 661//71 662//71 663//71
f 664//210 665//210 666//210
f 667//211 668//211 669//211
f 670//74 671//74 672//74
f 673//212 674//212 675//212
f 676//6 677//6 678//6
f 679//77 680//77 681//77
f 682//213 683//213 684//213
f 685//79 686//79 687//79
f 688//140 689//140 690//140
f 691//214 692//214 693//214
f 694//215 695//215 696//215
f 697//216 698//216 699//216
f 700//14 701//14 702//14
f 703//217 704//217 705//217
f 706//194 707//194 708//194
f 709//218 710//218 711//218
f 712//219 713//219 714//219
f 715//197 716//197 717//197
f 718//118 719//118 720//118
f 721//220 722//220 723//220
f 724//221 725//221 726//221
f 727//222 728//222 729//222
f 730//223 731//223 732//223
f 733//224 734//224 735//224
f 736//225 737//225 738//225
f 739//226 740//226 741//226
f 742//227 743//227 744//227
f 745//228 746//228 747//228
f 748//229 749//229 750//229
f 751//230 752//230 753//230
f 754//231 755//231 756//231
f 757//232 758//232 759//232
f 760//233 761//233 762//233
f 763//234 764//234 765//234
f 766//235 767//235 768//235
f 769//236 770//236 771//236
f 772//237 773//237 774//237
f 775//238 776//238 777//238
f 778//107 779//107 780//107
f 781//108 782//108 783//108
f 784//140 785//140 786//140
f 787//239 788//239 789//239
f 790//240 791//240 792//240
f 793//241 794//241 795//241
f 796//242 797//242 798//242
f 799//113 800//113 801//113
f 802//243 803//243 804//243
f 805//36 806//36 807//36
f 808//244 809//244 810//244
f 811//117 812//117 813//117
f 814//245 815//245 816//245
f 817//246 818//246 819//246
f 820//247 821//247 822//247
f 823//248 824//248 825//248
f 826//249 827//249 828//249
f 829//250 830//250 831//250
f 832//251 833//251 834//251
f 835//252 836//252 837//252
f 838//253 839//253 840//253
f 841//254 842//254 843//254
f 844//255 845//255 846//255
f 847//256 848//256 849//256
f 850//257 851//257 852//257
f 853//71 854//71 855//71
f 856//22 857//22 858//22
f 859//258 860//258 861//258
f 862//259 863//259 864//259
f 865//135 866//135 867//135
f 868//260 869//260 870//260
f 871//261 872//261 873//261
f 874//138 875//138 876//138
f 877//262 878//262 879//262
f 880//263 881//263 882//263
f 883//214 884//214 885//214
f 886//31 887//31 888//31
f 889//264 890//264 891//264
f 892//265 893//265 894//265
f 895//34 896//34 897//34
f 898//16 899//16 900//16
f 901//36 902//36 903//36
f 904//266 905//266 906//266
f 907//267 908//267 909//267
f 910//148 911//148 912//148
f 913//268 914//268 915//268
f 916//269 917//269 918//269
f 919//270 920//270 921//270
f 922//271 923//271 924//271
f 925//272 926//272 927//272
f 928//273 929//273 930//273
f 931//274 932//274 933//274
f 934//275 935//275 936//275
f 937//276 938//276 939//276
f 940//277 941//277 942//277
f 943//278 944//278 945//278
f 946//279 947//279 948//279
f 949//280 950//280 951//280
f 952//162 953//162 954//162
f 955//163 956//163 957//163
f 958//281 959//281 960//281
f 961//282 962//282 963//282
f 964//283 965//283 966//283
f 967//137 968//137 969//137
f 970//284 971//284 972//284
f 973//139 974//139 975//139
f 976//285 977//285 978//285
f 979//286 980//286 981//286
f 982//142 983//142 984//142
f 985//287 986//287 987//287
f 988//14 989//14 990//14
f 991//288 992//288 993//288
f 994//176 995//176 996//176
f 997//36 998//36 999//36
f 1000//289 1001//289 1002//289
f 1003//179 1004//179 1005//179
f 1006//290 1007//290 1008//290
f 1009//291 1010//291 1011//291
f 1012//2 1013//2 1014//2
f 1015//292 1016//292 1017//292
f 1018//293 1019//293 1020//293
f 1021//5 1022//5 1023//5
f 1024//294 1025//294 1026//294
f 1027//295 1028//295 1029//295
f 1030//187 1031//187 1032//187
f 1033//296 1034//296 1035//296
f 1036//297 1037//297 1038//297
f 1039//298 1040//298 1041//298
f 1042//299 1043//299 1044//299
f 1045//300 1046//300 1047//300
f 1048//301 1049//301 1050//301
f 1051//193 1052//193 1053//193
f 1054//302 1055//302 1056//302
f 1057//303 1058//303 1059//303
f 1060//304 1061//304 1062//304
f 1063//305 1064//305 1065//305
f 1066//306 1067//306 1068//306
f 1069//307 1070//307 1071//307
f 1072//308 1073//308 1074//308
f 1075//309 1076//309 1077//309
f 1078//309 1079//309 1080//309
f 1081//310 1082//310 1083//310
f 1084//311 1085//311 1086//311
f 1087//312 1088//312 1089//312
f 1090//313 1091//313 1092//313
f 1093//314 1094//314 1095//314
f 1096//315 1097//315 1098//315
f 1099//316 1100//316 1101//316
f 1102//317 1103//317 1104//317
f 1105//318 1106//318 1107//318
f 1108//210 1109//210 1110//210
f 1111//211 1112//211 1113//211
f 1114//319 1115//319 1116//319
f 1117//104 1118//104 1119//104
f 1120//260 1121//260 1122//260
f 1123//320 1124//320 1125//320
f 1126//107 1127//107 1128//107
f 1129//321 1130//321 1131//321
f 1132//322 1133//322 1134//322
f 1135//286 1136//286 1137//286
f 1138//215 1139//215 1140//215
f 1141//216 1142//216 1143//216
f 1144//14 1145//14 1146//14
f 1147//217 1148//217 1149//217
f 1150//194 1151//194 1152//194
f 1153//87 1154//87 1155//87
f 1156//88 1157//88 1158//88
f 1159//197 1160//197 1161//197
f 1162//118 1163//118 1164//118
f 1165//323 1166//323 1167//323
f 1168//323 1169//323 1170//323
f 1171//324 1172//324 1173//324
f 1174//325 1175//325 1176//325
f 1177//326 1178//326 1179//326
f 1180//327 1181//327 1182//327
f 1183//328 1184//328 1185//328
f 1186//329 1187//329 1188//329
f 1189//330 1190//330 1191//330
f 1192//330 1193//330 1194//330
f 1195//331 1196//331 1197//331
f 1198//332 1199//332 1200//332
f 1201//333 1202//333 1203//333
f 1204//72 1205//72 1206//72
f 1207//73 1208//73 1209//73
f 1210//74 1211//74 1212//74
f 1213//104 1214//104 1215//104
f 1216//334 1217//334 1218//334
f 1219//335 1220//335 1221//335
f 1222//107 1223//107 1224//107
f 1225//336 1226//336 1227//336
f 1228//337 1229//337 1230//337
f 1231//286 1232//286 1233//286
f 1234//110 1235//110 1236//110
f 1237//111 1238//111 1239//111
f 1240//338 1241//338 1242//338
f 1243//113 1244//113 1245//113
f 1246//339 1247//339 1248//339
f 1249//340 1250//340 1251//340
f 1252//146 1253//146 1254//146
f 1255//341 1256//341 1257//341
f 1258//245 1259//245 1260//245
f 1261//342 1262//342 1263//342
f 1264//343 1265//343 1266//343
f 1267//344 1268//344 1269//344
f 1270//345 1271//345 1272//345
f 1273//346 1274//346 1275//346
f 1276//347 1277//347 1278//347
f 1279//348 1280//348 1281//348
f 1282//349 1283//349 1284//349
f 1285//350 1286//350 1287//350
f 1288//351 1289//351 1290//351
f 1291//352 1292//352 1293//352
f 1294//353 1295//353 1296//353
f 1297//354 1298//354 1299//354
f 1300//355 1301//355 1302//355
f 1303//356 1304//356 1305//356
f 1306//235 1307//235 1308//235
f 1309//357 1310//357 1311//357
f 1312//358 1313//358 1314//358
f 1315//137 1316//137 1317//137
f 1318//138 1319//138 1320//138
f 1321//139 1322//139 1323//139
f 1324//359 1325//359 1326//359
f 1327//286 1328//286 1329//286
f 1330//31 1331//31 1332//31
f 1333//360 1334//360 1335//360
f 1336//14 1337//14 1338//14
f 1339//34 1340//34 1341//34
f 1342//144 1343//144 1344//144
f 1345//115 1346//115 1347//115
f 1348//146 1349//146 1350//146
f 1351//267 1352//267 1353//267
f 1354//361 1355//361 1356//361
f 1357//362 1358//362 1359//362
f 1360//363 1361//363 1362//363
f 1363//364 1364//364 1365//364
f 1366//365 1367//365 1368//365
f 1369//366 1370//366 1371//366
f 1372//366 1373//366 1374//366
f 1375//367 1376//367 1377//367
f 1378//367 1379//367 1380//367
f 1381//368 1382//368 1383//368
f 1384//369 1385//369 1386//369
f 1387//370 1388//370 1389//370
f 1390//371 1391//371 1392//371
f 1393//372 1394//372 1395//372
f 1396//162 1397//162 1398//162
f 1399//373 1400//373 1401//373
f 1402//374 1403//374 1404//374
f 1405//165 1406//165 1407//165
f 1408//166 1409//166 1410//166
f 1411//167 1412//167 1413//167
f 1414//375 1415//375 1416//375
f 1417//376 1418//376 1419//376
f 1420//140 1421//140 1422//140
f 1423//171 1424//171 1425//171
f 1426//377 1427//377 1428//377
f 1429//378 1430//378 1431//378
f 1432//379 1433//379 1434//379
f 1435//175 1436//175 1437//175
f 1438//176 1439//176 1440//176
f 1441//380 1442//380 1443//380
f 1444//289 1445//289 1446//289
f 1447//381 1448//381 1449//381
f 1450//382 1451//382 1452//382
f 1453//383 1454//383 1455//383
f 1456//384 1457//384 1458//384
f 1459//385 1460//385 1461//385
f 1462//74 1463//74 1464//74
f 1465//386 1466//386 1467//386
f 1468//387 1469//387 1470//387
f 1471//388 1472//388 1473//388
f 1474//389 1475//389 1476//389
f 1477//390 1478//390 1479//390
f 1480//297 1481//297 1482//297
f 1483//391 1484//391 1485//391
f 1486//392 1487//392 1488//392
f 1489//393 1490//393 1491//393
f 1492//394 1493//394 1494//394
f 1495//395 1496//395 1497//395
f 1498//302 1499//302 1500//302
f 1501//396 1502//396 1503//396
f 1504//289 1505//289 1506//289
f 1507//305 1508//305 1509//305
f 1510//397 1511//397 1512//397
f 1513//398 1514//398 1515//398
f 1516//399 1517//399 1518//399
f 1519//400 1520//400 1521//400
f 1522//400 1523//400 1524//400
f 1525//401 1526//401 1527//401
f 1528//402 1529//402 1530//402
f 1531//403 1532//403 1533//403
f 1534//404 1535//404 1536//404
f 1537//405 1538//405 1539//405
f 1540//405 1541//405 1542//405
f 1543//406 1544//406 1545//406
f 1546//407 1547//407 1548//407
f 1549//408 1550//408 1551//408
f 1552//210 1553//210 1554//210
f 1555//292 1556//292 1557//292
f 1558//409 1559//409 1560//409
f 1561//212 1562//212 1563//212
f 1564//410 1565//410 1566//410
f 1567//106 1568//106 1569//106
f 1570//213 1571//213 1572//213
f 1573//28 1574//28 1575//28
f 1576//411 1577//411 1578//411
f 1579//109 1580//109 1581//109
f 1582//215 1583//215 1584//215
f 1585//300 1586//300 1587//300
f 1588//412 1589//412 1590//412
f 1591//217 1592//217 1593//217
f 1594//114 1595//114 1596//114
f 1597//413 1598//413 1599//413
f 1600//414 1601//414 1602//414
f 1603//19 1604//19 1605//19
f 1606//118 1607//118 1608//118
f 1609//415 1610//415 1611//415
f 1612//416 1613//416 1614//416
f 1615//417 1616//417 1617//417
f 1618//418 1619//418 1620//418
f 1621//419 1622//419 1623//419
f 1624//420 1625//420 1626//420
f 1627//421 1628//421 1629//421
f 1630//422 1631//422 1632//422
f 1633//423 1634//423 1635//423
f 1636//424 1637//424 1638//424
f 1639//425 1640//425 1641//425
f 1642//426 1643//426 1644//426
f 1645//102 1646//102 1647//102
f 1648//233 1649//233 1650//233
f 1651//234 1652//234 1653//234
f 1654//427 1655//427 1656//427
f 1657//428 1658//428 1659//428
f 1660//429 1661//429 1662//429
f 1663//335 1664//335 1665//335
f 1666//168 1667//168 1668//168
f 1669//336 1670//336 1671//336
f 1672//430 1673//430 1674//430
f 1675//431 1676//431 1677//431
f 1678//82 1679//82 1680//82
f 1681//83 1682//83 1683//83
f 1684//112 1685//112 1686//112
f 1687//432 1688//432 1689//432
f 1690//339 1691//339 1692//339
f 1693//433 1694//433 1695//433
f 1696//434 1697//434 1698//434
f 1699//341 1700//341 1701//341
f 1702//435 1703//435 1704//435
f 1705//436 1706//436 1707//436
f 1708//437 1709//437 1710//437
f 1711//438 1712//438 1713//438
f 1714//439 1715//439 1716//439
f 1717//440 1718//440 1719//440
f 1720//441 1721//441 1722//441
f 1723//442 1724//442 1725//442
f 1726//443 1727//443 1728//443
f 1729//444 1730//444 1731//444
f 1732//444 1733//444 1734//444
f 1735//445 1736//445 1737//445
f 1738//446 1739//446 1740//446
f 1741//447 1742//447 1743//447
f 1744//448 1745//448 1746//448
f 1747//449 1748//449 1749//449
f 1750//450 1751//450 1752//450
f 1753//135 1754//135 1755//135
f 1756//334 1757//334 1758//334
f 1759//261 1760//261 1761//261
f 1762//138 1763//138 1764//138
f 1765//262 1766//262 1767//262
f 1768//80 1769//80 1770//80
f 1771//286 1772//286 1773//286
f 1774//451 1775//451 1776//451
f 1777//143 1778//143 1779//143
f 1780//14 1781//14 1782//14
f 1783//34 1784//34 1785//34
f 1786//452 1787//452 1788//452
f 1789//36 1790//36 1791//36
f 1792//289 1793//289 1794//289
f 1795//147 1796//147 1797//147
f 1798//148 1799//148 1800//148
f 1801//453 1802//453 1803//453
f 1804//454 1805//454 1806//454
f 1807//455 1808//455 1809//455
f 1810//455 1811//455 1812//455
f 1813//456 1814//456 1815//456
f 1816//457 1817//457 1818//457
f 1819//458 1820//458 1821//458
f 1822//459 1823//459 1824//459
f 1825//460 1826//460 1827//460
f 1828//461 1829//461 1830//461
f 1831//462 1832//462 1833//462
f 1834//463 1835//463 1836//463
f 1837//71 1838//71 1839//71
f 1840//132 1841//132 1842//132
f 1843//464 1844//464 1845//464
f 1846//23 1847//23 1848//23
f 1849//357 1850//357 1851//357
f 1852//6 1853//6 1854//6
f 1855//137 1856//137 1857//137
f 1858//284 1859//284 1860//284
f 1861//139 1862//139 1863//139
f 1864//140 1865//140 1866//140
f 1867//286 1868//286 1869//286
f 1870//142 1871//142 1872//142
f 1873//287 1874//287 1875//287
f 1876//14 1877//14 1878//14
f 1879//288 1880//288 1881//288
f 1882//176 1883//176 1884//176
f 1885//36 1886//36 1887//36
f 1888//289 1889//289 1890//289
f 1891//179 1892//179 1893//179
f 1894//361 1895//361 1896//361
f 1897//465 1898//465 1899//465
f 1900//466 1901//466 1902//466
f 1903//467 1904//467 1905//467
f 1906//468 1907//468 1908//468
f 1909//5 1910//5 1911//5
f 1912//294 1913//294 1914//294
f 1915//295 1916//295 1917//295
f 1918//187 1919//187 1920//187
f 1921//296 1922//296 1923//296
f 1924//297 1925//297 1926//297
f 1927//469 1928//469 1929//469
f 1930//299 1931//299 1932//299
f 1933//300 1934//300 1935//300
f 1936//470 1937//470 1938//470
f 1939//193 1940//193 1941//193
f 1942//471 1943//471 1944//471
f 1945//472 1946//472 1947//472
f 1948//473 1949//473 1950//473
f 1951//305 1952//305 1953//305
f 1954//306 1955//306 1956//306
f 1957//474 1958//474 1959//474
f 1960//474 1961//474 1962//474
f 1963//475 1964//475 1965//475
f 1966//475 1967//475 1968//475
f 1969//476 1970//476 1971//476
f 1972//477 1973//477 1974//477
f 1975//478 1976//478 1977//478
f 1978//479 1979//479 1980//479
f 1981//480 1982//480 1983//480
f 1984//480 1985//480 1986//480
f 1987//481 1988//481 1989//481
f 1990//482 1991//482 1992//482
f 1993//71 1994//71 1995//71
f 1996//483 1997//483 1998//483
f 1999//484 2000//484 2001//484
f 2002//23 2003//23 2004//23
f 2005//75 2006//75 2007//75
f 2008//6 2009//6 2010//6
f 2011//485 2012//485 2013//485
f 2014//486 2015//486 2016//486
f 2017//487 2018//487 2019//487
f 2020//140 2021//140 2022//140
f 2023//214 2024//214 2025//214
f 2026//488 2027//488 2028//488
f 2029//489 2030//489 2031//489
f 2032//112 2033//112 2034//112
f 2035//490 2036//490 2037//490
f 2038//491 2039//491 2040//491
f 2041//36 2042//36 2043//36
f 2044//219 2045//219 2046//219
f 2047//492 2048//492 2049//492
f 2050//90 2051//90 2052//90
f 2053//493 2054//493 2055//493
f 2056//494 2057//494 2058//494
f 2059//495 2060//495 2061//495
f 2062//495 2063//495 2064//495
f 2065//496 2066//496 2067//496
f 2068//497 2069//497 2070//497
f 2071//498 2072//498 2073//498
f 2074//499 2075//499 2076//499
f 2077//500 2078//500 2079//500
f 2080//501 2081//501 2082//501
f 2083//502 2084//502 2085//502
f 2086//503 2087//503 2088//503
f 2089//333 2090//333 2091//333
f 2092//504 2093//504 2094//504
f 2095//505 2096//505 2097//505
f 2098//103 2099//103 2100//103
f 2101//506 2102//506 2103//506
f 2104//260 2105//260 2106//260
f 2107//507 2108//507 2109//507
f 2110//508 2111//508 2112//508
f 2113//108 2114//108 2115//108
f 2116//322 2117//322 2118//322
f 2119//214 2120//214 2121//214
f 2122//31 2123//31 2124//31
f 2125//509 2126//509 2127//509
f 2128//14 2129//14 2130//14
f 2131//15 2132//15 2133//15
f 2134//144 2135//144 2136//144
f 2137//510 2138//510 2139//510
f 2140//244 2141//244 2142//244
f 2143//147 2144//147 2145//147
f 2146//39 2147//39 2148//39
f 2149//511 2150//511 2151//511
f 2152//512 2153//512 2154//512
f 2155//513 2156//513 2157//513
f 2158//514 2159//514 2160//514
f 2161//515 2162//515 2163//515
f 2164//516 2165//516 2166//516
f 2167//517 2168//517 2169//517
f 2170//518 2171//518 2172//518
f 2173//519 2174//519 2175//519
f 2176//520 2177//520 2178//520
f 2179//521 2180//521 2181//521
f 2182//522 2183//522 2184//522
f 2185//102 2186//102 2187//102
f 2188//22 2189//22 2190//22
f 2191//133 2192//133 2193//133
f 2194//74 2195//74 2196//74
f 2197//135 2198//135 2199//135
f 2200//260 2201//260 2202//260
f 2203//261 2204//261 2205//261
f 2206//138 2207//138 2208//138
f 2209//523 2210//523 2211//523
f 2212//322 2213//322 2214//322
f 2215//214 2216//214 2217//214
f 2218//31 2219//31 2220//31
f 2221//360 2222//360 2223//360
f 2224//112 2225//112 2226//112
f 2227//34 2228//34 2229//34
f 2230//452 2231//452 2232//452
f 2233//36 2234//36 2235//36
f 2236//219 2237//219 2238//219
f 2239//524 2240//524 2241//524
f 2242//148 2243//148 2244//148
f 2245//525 2246//525 2247//525
f 2248//526 2249//526 2250//526
f 2251//527 2252//527 2253//527
f 2254//259 2255//259 2256//259
f 2257//165 2258//165 2259//165
f 2260//260 2261//260 2262//260
f 2263//528 2264//528 2265//528
f 2266//529 2267//529 2268//529
f 2269//79 2270//79 2271//79
f 2272//530 2273//530 2274//530
f 2275//214 2276//214 2277//214
f 2278//531 2279//531 2280//531
f 2281//532 2282//532 2283//532
f 2284//533 2285//533 2286//533
f 2287//288 2288//288 2289//288
f 2290//114 2291//114 2292//114
f 2293//145 2294//145 2295//145
f 2296//266 2297//266 2298//266
f 2299//381 2300//381 2301//381
f 2302//382 2303//382 2304//382
